Timestamp;Наименование;"Синонимичные наименования
(Если несколько, пишите через запятую)";Семейство;Красная книга ;Есть ли ножка;"Размер ножки ОТ в мм (диаметр)
в ответ только число";"Размер ножки ДО в мм  (диаметр)
в ответ только число";Тип ножки ;"Цвет ножки
(Если несколько, пишите через запятую)"; Тип шляпки;"Цвет шляпки
(Если несколько, пишите через запятую)";Под шляпкой ;Описание гриба;"Двойники, если есть, то добавить в форму
(Если несколько, пишите через запятую)";Фотографии
10.23.2023 15:05:32;Тестовый гриб;Тестовый гриб1, Тестовый гриб10;Тестовое;Да;Да;10;20;С юбкой;Белая;Выпуклая;Коричневая;Гладкая;Тестовое описание, Тестовое описание, Тестовое описание, Тестовое описание, Тестовое описание, Тестовое описание;;https://drive.google.com/open?id=1Mv_z-8b8Or6uWQXavuVca7HcNR_vethS, https://drive.google.com/open?id=16BMHB07qLZjqN00aTw1fS_PWBrQq-s05
10.30.2023 0:02:25;Свинушка тонкая;Коровник, Матрёшка , Кобылка, Свинух, Свинарь, Свинорой, Свиное ухо;Свинушковые;Полусъедобен;Да;10;15;Утолщенная вверху;Бело-жёлтая;Вогнутая;Оливково-бурая, охристо-бурая, рыжеватая, ржавая;Пластинчатая;"Растёт в лиственных и хвойных лесах, чаще всего в молодых березняках, дубняках и кустарниках, по окраинам оврагов и сфагновых болот, на опушках около полян, а также около замшелых оснований елей и сосен, на корнях вывороченных деревьев. Встречается на влажной почве часто и обильно группами, реже одиночно.
Плодоносит с июня по октябрь.";Свинушка ольховая, Войлочная свинушка;https://drive.google.com/open?id=1tziNSKpxHGxVe8UjVstd3NvawUIG1VRK
10.30.2023 0:08:26;Жёлчный гриб;Горчак, Ложный белый гриб, Ложный подберёзовик, Гриб заячья губа, Тилопилус горький;Болетовые;Да;Да;10;40;Утолщенная внизу;Кремово-охристая, желтоватая, желтовато-бурая;Выпуклая;Бежевый, светло-каштановый, буровато-коричневый;Трубчатая;Вид широко распространен по всему миру. Отмечен в Северной Америке, Европе, Азии, Центральной Америке, Австралии, на острове Гренландия. Период плодоношения с июня по октябрь. Растёт в хвойных и смешанных сырых лесах, на почве, часто у оснований стволов деревьев, на покрытых мхом корнях, около гнилых пней или на них, на гниющем валеже хвойных деревьев, на старых муравейниках. Жёлчный гриб несъедобен из-за горького вкуса.;Белый гриб, подберёзовик;https://drive.google.com/open?id=1vBSLE0oihq5TJGMwsx1-Kz5EkyhWcwkx
10.30.2023 0:14:07;Рядовка лиловоногая;Рядовка лиловоножковая, Рядовка двухцветная, Синеножка, Подотавник;Рядовковые;Нет;Да;20;30;Ровная;Серовато-фиолетовый, голубоватый;Выпуклая;Серо-фиолетовый, серый, серо-коричневый, белый;Пластинчатая;"Рядовка лиловоногая  принадлежит к категории южных грибов. Иногда его находят и в Подмосковье, Рязанской области. В целом распространён по всей территории России. Активное плодоношение приходится на период с середины весны и до середины осени. Эти грибы растут колониями, образуя большие круги или ряды. Синеножки также любят гумусные почвы, поэтому их часто можно встретить около ферм, в старых ямах с компостом и вблизи жилых домов. Этот вид грибов предпочитает расти на открытой местности, но иногда лиловоногие рядовки встречают и в лесу. Часто такие грибы находят около лиственных пород деревьев. Синеножка пригодна для употребления в пищу.

";;https://drive.google.com/open?id=15JmAumbDXP6UO9J99KpC18Ql0rqUroTU
10.30.2023 0:18:46;Рядовка тополёвая;Тополёвка, Песочник тополевый, Песчаник, Рядовка тополиная, Подтополевик, Подтопольник;Рядовковые;Нет;Да;10;20;Ровная;Розовато-белый, розовато-коричневый;Выпуклая;Розовато-коричневатый;Пластинчатая;Рядовка тополёвая растёт с августа по октябрь большими группами (целые гряды) под тополями, лиственных лесах с преобладанием осины, можно встретить в посадках вдоль дорог, в парках. Распространены в Европейской части России, Сибири. Гриб имеет приятный аромат свежей муки. По своим вкусовым и потребительским качествам, рядовка тополёвая соотносится к съедобным грибам.;Скученная рядовка, тигровая рядовка;https://drive.google.com/open?id=1_lvouUon0gwl1XsLSFinrZopRMYLPQnV
10.30.2023 0:25:13;Рамария жёлтая;Рогатик жёлтый, Медвежья лапка, Оленьи рожки, Коралл жёлтый;Гомфовые;Нет;Нет;;;;;Выпуклая;Жёлтый, белый;Гладкая;Рамария жёлтая растет на земле в лиственных, хвойных и смешанных лесах в августе — сентябре, группами и одиночно. Особенно обилен в лесах Карелии. Встречается в горах Кавказа, а так же в странах Центральной Европы. Эта рамария считается съедобным грибом, но при употреблении ее в пищу необходимо принимать определенные меры предосторожности. Прежде всего, собирать следует только молодые экземпляры и использовать основание, так как веточки горчат. Зрелые грибы и вовсе не съедобны из-за горечи.;Рамария красивая, Рамария жёсткая, Тупой рогатик, Калоцера клейкая;https://drive.google.com/open?id=1w32Y2btZ8kbbO4ZRB3b6H4ob011dPmd-
10.30.2023 0:37:04;Опёнок осенний;Опёнок настоящий;Физалакриевые;Нет;Да;5;15;Ровная;Желтовато-коричневатый, желтый, оранжевый, оливковый, серый;Выпуклая; Желтовато-коричневатый, желтый, оранжевый, оливковый, серый;Пластинчатая;"Плодоносит со второй половины июля, и до конца осени на древесине любых видов, в том числе, и находящейся под землей, сростками и семьями, вплоть до очень значительных. Основной слой, как правило, проходит с конца августа и до третьей декады сентября, длится недолго, 5-7 дней. В остальное время плодоношение локально, однако, можно найти в таких локальных точках довольно значительное количество плодовых тел. 
";Опёнок тёмный, Опёнок толстоногий, Опёнок луковичноногий;https://drive.google.com/open?id=1vrQrqOGCbFAG8MRTmLck22gclVxnVRWE
10.30.2023 0:44:00;Колпак кольчатый;Курочка, Приболотник белый, Приболотух, Турок, турка), Розитес тусклый, Опёнок морщинистый, Паутинник сморщенный;Паутинниковые;Да;Да;10;30;С юбкой;Беловатый, желтоватый, светло-охристый;Выпуклая;Беловатый, желтоватый, светло-охристый, розоватый;Пластинчатая;Довольно распространённый вид, встречается в Северной Америке, Европе и Азии. Отмечен в США, Японии, Гренландии, европейских странах, Беларуси, в западных и центральных районах европейской части России, центральном и южном Урале, Сибири, на Дальнем Востоке. Довольно распространённый вид, встречается в Северной Америке, Европе и Азии. Отмечен в США, Японии, Гренландии, европейских странах, Беларуси, в западных и центральных районах европейской части России, центральном и южном Урале, Сибири, на Дальнем Востоке. Съедобный вкусный гриб 4-й категории.;Паутинник бело-фиолетовый, Паутинник бело-фиолетовый, Полевик, Волоконница Патуйяра;https://drive.google.com/open?id=1SVP7Y0yGTlQaMjcBwjsva1voTaK8USIC
10.30.2023 0:49:32;Козляк;Решетняк, Маслёнок сухой, Козлёнок, Иванчик, Коровик, Коровий гриб, Коровий хлеб, Коровяк, Моховик;Маслёнковые;Нет;Да;10;20;Ровная;Желтоватый, буроватый, телесный, желтовато-охристый, бежевый;Выпуклая;Телесный, желтовато-охристый, бежевый, оранжево-коричневый, желто-бурый, светло-бурый, розоватый;Трубчатая;Отмечен в Северной и Южной Америке, Африке, Азии. Широко распространён в умеренной климатической зоне Евразии, тяготеет к северным регионам. Встречается в Европе, Беларуси, Украине, европейской части России, Сибири, на Урале, Дальнем Востоке, Северном Кавказе. На территории СНГ плодоносит с июля по октябрь. Образует микоризу с двухвойными соснами: сосна обыкновенная, сосна густоцветковая, сосна приморская. Предпочитает кислые питательные увлажнённые почвы. Тяготеет к местам с нарушенным местообитаниям: растёт на песчаных обочинах лесных дорог и тропинок, зарастающих сосной пустырях с песчаной почвой, засаженных сосной вырубках, на сфагновых болотах и, конечно же, в лесах с преобладанием сосны. Встречается часто, как правило, большими группами, часто может расти кучей плотно друг к другу. Съедобный вкусный гриб 4-й категории.;Масленок жёлто-бурый, Моховик зелёный;https://drive.google.com/open?id=1URpJ4XAbz_gCBJ8wtrQACQ80k6sC3a-S
10.30.2023 0:55:24;Дождевик съедобный;Дождевик, Дождевик настоящий, Дождевик шиповатый, Дождевик жемчужный;Шампиньоновые;Нет;Нет;;;;;Выпуклая;Белый;Гладкая;У молодого гриба плодовое тело шиповато-бородавчатое, белое. У зрелых грибов, становится бурым, охристым и голым. Дождевик съедобный встречается в хвойных и лиственных лесах с июня по ноябрь. Малоизвестный съедобный вкусный гриб. Дождевики и пылевики съедобны, пока не потеряют белизну. В пищу употребляют молодые плодовые тела;Головач продолговатый;https://drive.google.com/open?id=1XXnPqDpAysOH9SES8wp7YzIBuzXs9WLH
10.30.2023 1:01:59;Подберёзовик;Подберёзовик обыкновенный, Берёзовик, Обабок, Обабок берёзовый;Болетовые;Нет;Да;20;30;Утолщенная внизу;Бело-серый, оливково-бурый;Выпуклая;Светло-серый, темно-коричневый;Гладкая;Подберёзовик произрастает с начала лета до поздней осени в лиственных (предпочтительно березовых) и смешанных лесах, в некоторые годы весьма обильно. В удивительных количествах встречается порой в еловых посадках с вкраплением березы. Дает хорошие урожаи и в совсем молодых березняках, появляясь там едва ли не первым среди промысловых грибов. Относится к съедобным грибам. У пожилых грибов трубчатый слой надо удалять.;Подберёзовик розовеющий, Желчный гриб, Подосиновик;https://drive.google.com/open?id=1QED5WnLQjdhl6eA4YlYRwmHBkuSMlofY
10.31.2023 2:34:24;Рядовка серая;Рядовка штриховатая, Рядовка странная, Подсосновик, Подзелёнка, Песочник серый, Серушка;Рядовковые;Нет;Да;15;25;Утолщенная в центре;Белая, сероватая, серовато-желтоватая, светло-лимонно-жетловатая;Выпуклая;Светло-серый, желтоватый, зеленоватый;Пластинчатая;Плодоносит с осени и вплоть до зимних морозов. При небольшом промерзании полностью восстанавливает вкусовые качества. Ранее указывалось, что Рядовка серая растёт преимущественно в южных регионах (Крым, Новороссийск, Мариуполь), однако её регион значительно шире, она встречается во всей умеренной зоне. Отмечена в Западной Сибири. Плодоносит неравномерно, часто большими группами. Хороший съедобный гриб, употребляется после термической обработки.;Рядовкой заострённая, Рядовка землисто-серая, Рядовка Гульден;https://drive.google.com/open?id=12RCQ6ysXw9BtloLkJXvlIAHJd5HLuRh5
10.31.2023 2:40:20;Рядовка землисто-серая;Мышата, Рядовка землистая, Рядовка напочвенная;Рядовковые;Нет;Да;15;20;Ровная;Белый;Выпуклая;Пепельно-серый, сероватый, мышино-серый, тёмно-серый, коричневато-серый;Пластинчатая;Поздний гриб. Распространён во всей умеренной зоне. Плодоносит с октября и вплоть до сильных морозов. В южных регионах, в частности, в Крыму, в тёплые зимы — до января, и даже в феврале-марте. В восточном Крыму в отдельные годы — в мае. До недавнего времени Рядовка землистая считалась хорошим съедобным грибом. «Мышата» в Крыму — один из самых распространённых и самых популярных, собираемых грибов, можно сказать, «кормилец». Их сушат, маринуют, солят, приготавливают в свежем виде. Однако в последние годы был проведен ряд исследований, показавших, что употребление землисто-серой рядовки может вызвать рабдомиолиз (миоглобинурия) — довольно сложный в диагностике и лечении синдром, представляющий собой крайнюю степень миопатии и характеризующийся разрушением клеток мышечной ткани, резким повышением уровня креатинкиназы и миоглобина, миоглобинурией, развитием острой почечной недостаточности.;Рядовка серая, Рядовка серебристая, Рядовка печальная, Рядовка тигровая;https://drive.google.com/open?id=16gweXJvLlTCoea0m4slV3s_l8Gw_FHgu
10.31.2023 2:47:03;Горькушка;Горькушка рыжая, Груздь горький, Горчак, Горянка;Сыроежковые;Нет;Да;10;20;Ровная;Белесоватый, розоватый, ржаво-красный;Вогнутая;Белесоватый, розоватый, ржаво-красный;Пластинчатая;Растет Горькушка в хвойных и смешанных лесах Европейской части России, предпочитая болотистую местность, мох и сосновые леса. Период плодоношения приходится на летние и осенние месяцы вплоть до ноября. Выдерживает заморозки до -5°C. Горькушка - условно-съедобный гриб, часто относят к четвертой категории. Этот гриб содержит антибиотическое вещество, отрицательно воздействующее на ряд бактерий, а также тормозящее рост культур золотистого стафилококка.;Камфорный груздь, Болотный груздь;https://drive.google.com/open?id=1mdJNl9yNFuzfojxz0wMB_yeug_oB8xmX
10.31.2023 2:52:10;Рядовка зелёная;Зеленушка, Зелёнка, Песочник зелёный;Рядовковые;Нет;Да;10;20;Утолщенная внизу;Жёлтый, зеленоватый;Выпуклая;Зеленовато-желтый, желто-оливковый, буроватый;Пластинчатая;Рядовка зелёная растет в основном в сухих сосновых лесах, иногда попадается и в смешанных на песчаной и супесчаной почве, встречается по одному и в группе по 5-8 штук. Может расти по соседству с похожей на него рядовкой серой. Наиболее часто попадается на открытой почве в сосновых борах, когда другие грибы уже закончили плодоношение, в период с сентября по ноябрь до самых заморозков. Гриб обычен в умеренной зоне Северного полушария. Рядовка зелёная относится к условно-съедобным грибам, заготавливается и употребляется в пищу в любом виде. ;Рядовка землисто-серая, Рядовка серая;https://drive.google.com/open?id=1VGhWDLTvBp34fp8VNSY4Z71M7SYp5eA3
10.31.2023 3:03:21;Белый гриб;Боровик, Белый гриб еловый, Жатник, Струень, Панг, Печура;Болетовые;Нет;Да;15;50;Утолщенная внизу;Белый, кремовый, светло-коричневый;Выпуклая;Лимонно-жёлтый, белый, охристый, грязно-жёлтый, жёлто-коричневый;Трубчатая;Белый гриб распространен по всей планете Земля. Единственное место, где он не отмечен – это Антарктида. Период плодоношения на территории стран СНГ с июня по ноябрь. Отмечаются случаи нахождения грибов в мае и декабре в регионах с боле тёплым климатом. Плодоносит так называемыми «волнами» (в начале июня, в середине июля, в августе и пр.). Первая волна, как правило, не слишком обильная, в то время как одна из последующих волн зачастую бывает несравнимо более урожайная, чем остальные. Это зависит от климатических и природных условий каждого конкретного региона. Растёт в хвойных, лиственных и смешанных лесах, образует микоризу с более чем 50 древесными породами, наиболее часто встречается в симбиозе с берёзой, елью, дубом, сосной, грабом, буком. Предпочитает не переувлажнённые суглинистые, супесчаные и песчаные почвы, поэтому в болотистых местах и на торфяниках расти не любит. Встречается одиночно, группами, большими группами.;Жёлчный гриб, Дубовик обыкновенный, Полубелый гриб, Белый гриб сетчатый;https://drive.google.com/open?id=1QbHxrrnGRNNfyKFPcgrSk37Rec0VRAmH
11.1.2023 3:30:21;Шампиньон обыкновенный;Шампиньон настоящий, Шампиньон луговой, Печерица;Шампиньоновые;Нет;Да;10;20;С юбкой;Буроватый, ржавый;Выпуклая;Коричневатый, белый, буроватый, розоватый;Пластинчатая;Шампиньон обыкновенный растет с самого конца мая до конца сентября на открытых пространствах с богатыми перегнойными почвами, особенно после дождей, на лугах, пастбищах, в садах, огородах, парках, около ферм, на окультуренных землях, около жилья, на улицах, в траве, реже на опушках леса, группами, кольцами, часто, ежегодно. Широко распространен. Вкусный, полезный, съедобный гриб 2 категории.;Бледная поганка, Белый мухомор, Рыжеющий шампиньон;https://drive.google.com/open?id=1ueJLky2AQJPnwI_7lpZ4-KnUuA0qQFKl
11.1.2023 3:44:18;Ложноопёнок серно-жёлтый;Опёнок серно-жёлтый;Строфариевые;Нет;Да;10;20;Ровная;Светло-желтый;Выпуклая;Желтоватый, желто-бурый, серно-желтый;Пластинчатая;Ложноопёнок серно-жёлтый повсеместно встречается с конца мая до поздней осени на гниющей древесине, на пнях и на земле около пней, иногда на стволах живых деревьев. Предпочитает лиственные породы, но изредка может встречаться и на хвойных. Как правило, растет большими группами. Ложноопёнок серно-жёлтый ядовит. При употреблении в пищу через 1-6 ч появляются тошнота, рвота, потливость, человек теряет сознание.;Опёнок серопластинчатый;https://drive.google.com/open?id=1DSkt54LXjKXZr3-HH5FNUaS2zDiAr0Aa
11.1.2023 3:50:46;Дубовик обыкновенный;Дубовик, Дубовик оливково-бурый, Поддубник, Синяк, Болет грязно-бурый;Болетовые;Нет;Да;30;60;Утолщенная внизу;Желтоватый, красноватый;Выпуклая;Желтовато-коричневый, серо-бурый;Трубчатая;Дубовик встречается повсеместно, но не особо часто, в лиственных и смешанных лесах, образуя микоризу с дубами и липами. По литературным данным, начинает расти уже в конце мая-начале июня, затем на время пропадает, чтобы появиться вновь в начале августа и стабильно плодоносить до конца сентября. Хороший съедобный гриб, быть может, похуже белого, но лучше большинства других.;Сатанинский гриб, Польский гриб, Польский гриб, Боровик ле Галь;https://drive.google.com/open?id=1gllnBBZ60gljiBLxA4V8SO2Mo5Kpppe5
11.1.2023 3:56:07;Гиропорус каштановый;Каштановый гриб, Каштановик, Заячий гриб;Гиропоровые;Нет;Да;8;30;Ровная;Красно-бурый;Ровная; Ржаво-бурый, красно-бурый, каштаново-бурый;Гладкая;Растет каштановый гриб с июля по ноябрь в лиственных и хвойных лесах. Чаще всего растет на песчаной почве в теплых сухих областях. Плодовые тела растут одиночно, разбросано. Малоизвестный съедобный гриб, но по вкусовым качествам его нельзя сравнить с Гиропорусом синеющим. При варке приобретает горьковатый вкус. При сушке горечь исчезает. Поэтому каштановик годится главным образом для сушки.;;https://drive.google.com/open?id=1JPdevho4jTg3YCsHck3ERh9A7gofPwpb
11.1.2023 4:01:34;Энтолома садовая;Розовопластинник щитовидный, Энтолома съедобная, Энтолома щитовидная, Энтолома щитковая, Энтолома терновниковая, Энтолома лесная, Подсливник, Подабрикосовик, Поджердельник;Энтоломовые;Нет;Да;10;20;Ровная; Беловатый, розоватый, сероватый;Выпуклая;Беловато-серый, бежеватый и серо-буроватый, серо-коричневый;Пластинчатая;"Энтолома садовая растет в лиственных и смешанных лесах под рябиной, березами и дубами – на богатой питательными веществами почве, вдоль дорог, на лугах, в садах и на городских газонах. В саду часто растет под плодовыми деревьями (яблоня и груша) и кустами розы, шиповника, боярышника и терновника.
Распространена и обычна на территории Ленинградской области и в Санкт- Петербурге, хотя и растет точечно – с последней пятидневки мая до конца июля с наиболее массовым плодоношением в июне и во влажное, прохладное лето – и в июле. Зачастую дает не один, а несколько коротких слоев. Энтолома садовая редко появляется в одиночку, обычно растет группами, нередко — большими. Это условно-съедобный гриб.
";Энтолома бледно-коричневая, Энтолома ядовитая, Энтолома продавленная;https://drive.google.com/open?id=1jdEbPAxNyJFYDknxkrBpaTZygE6Cosr_
11.13.2023 15:04:19;Подосиновик красный;Красноголовик, обабок, осиновик, лекцинум;Болетовые;Нет;Да;15;50;Утолщенная внизу;Серовато-белый;Выпуклая;Красный, оранжевый, буровато-красный;Трубчатая;Красноватая шляпка, коренастая ножка с серо-бурыми чешуйками и плотная мякоть - отличительные особенности подосиновика. Твердая губчатая мякоть становится темно синей при надавливании или срезе, а через некоторое время и вовсе чернеет. Все виды подосиновиков съедобны, практически не имеют запаха, по вкусовым качествам сравнимы с белыми грибами. Обнаружить плодовые тела, которые растут небольшими группками по 2-5 штук или поодиночке, можно как в смешанных, так и сосновых лесах в тени деревьев.;Перечный гриб;https://drive.google.com/open?id=1TfWmz27xy9mGrvv4wJaoHBSPmwMUdsVA, https://drive.google.com/open?id=1ISywXxaS79s_iWg1FckXP2OvALQarxN5
11.13.2023 15:41:57;Гиропорус синеющий;Болетус синеющий, синяк;Гиропоровые;Да;Да;10;30;Утолщенная в центре;Синий;Выпуклая;Синий;Трубчатая;Народное название «Синяк» точно передаёт поведение гриба при малейшем повреждении тканей, будь то разрез, разлом или просто прикосновение: он синеет. Изменение цвета происходит быстро и очень явно, что позволяет почти безошибочно отличить Гиропорус синеющий от других болетовых.;;https://drive.google.com/open?id=1nEeAqw7v5NenW1t4xtj_AxBMU5E7ybtq, https://drive.google.com/open?id=1WJvV3ACzatIesxmh5bQdfHSYKnWBQl3x
11.13.2023 15:50:32;Навозник белый;Чернильный гриб;Коприновые;Полусъедобен;Да;10;20;С юбкой;Белый;Выпуклая;Белый;Пластинчатая;"Шляпка высотой до 5—15, иногда до 20 см, 5—10 см в диаметре, у молодого гриба удлинённо-яйцевидная, потом узкоколокольчатая. Цвет белый, сероватый или коричневатый, на верхушке широкий коричневый бугорок. Поверхность густо покрыта волокнистыми чешуйками.

Мякоть белая, мягкая, тонкомясистая, без особого вкуса и запаха.

Пластинки свободные, широкие, очень частые. Цвет их у молодых грибов белый, затем снизу начинают розоветь, позже расплываются вместе со шляпкой в чёрную жидкость (автолиз), в которой присутствуют многочисленные споры.

Ножка 10—35 см высотой, 1—2 см в диаметре, центральная, цилиндрическая, белая, с шелковистым отливом, полая. В основании заметно луковицевидное утолщение.

Остатки покрывал: кольцо плёнчатое, очень нежное, подвижное, у молодых грибов белое, после начала автолиза окрашивается в чёрный цвет.

Споровый порошок чёрный, споры 12×8 мкм, эллипсоидальные, с порой.";;https://drive.google.com/open?id=1-BqR83LgZ36QUyhGry6MDhLCtnl0PbKi, https://drive.google.com/open?id=1yESOTLT1nz22H1bQOUmSEKZwBGaxT04X
11.13.2023 16:08:19;Маслёнок желто-бурый;Маслёнок пёстрый, моховик болотный, моховик песчаный, моховик желто-бурый, болотовик, пестрец;Масленковые;Нет;Да;20;35;Ровная;Лимонно-желтая, желто-бурая, оранжево-бурая, красноватая;Выпуклая;Серо-желтая,  серо-оранжевая,  буро-красноватая,  светло-охряная;Трубчатая;"Диаметр шляпки составляет 6—10 см, шляпка имеет полукруглую, выпуклую, в молодости с завёрнутым краем, позже подушковидную или плоскую форму, с волокнистыми чешуйками, цвет шляпки — оливковый, тёмно-жёлтый или серо-жёлтый, серо-оранжевый, позже охряно-бурый, буро-красноватый, светло-охряный. Во влажную погоду шляпка становится слегка клейкой. Кожица плохо отделяется от шляпки.

Мякоть желтоватая, жёлтая или светло-оранжевая, в основании ножки буроватая, на разрезе синеет, имеет приятный запах сосновой хвои и приятный вкус либо без вкуса. Иногда запах мякоти сравнивают с металлическим.

Трубчатый слой приросший у ножки, трубочки имеют жёлтый, светло-оранжевый, бурый или желтовато-оливковый цвет, поры коричневого цвета, мелкие, округлые, на срезе или при надавливании слегка синеют. Ножка 3—9 см высотой и 1,5—3,5 см толщиной, гладкая, цилиндрическая, цвет лимонно-жёлтый, серовато-жёлтый, иногда с красноватым оттенком или оранжево-бурая снизу.";;https://drive.google.com/open?id=1EK_8-Z1hVpDrZFK7bQ3evTRbXq4j0gGD, https://drive.google.com/open?id=10mtRwSmI6HJwAUPMwzQTQbLSARrEwtOJ
11.20.2023 22:59:17;Груздь Настоящий;Груздь белый, Груздь сырой, Груздь мокрый, Груздь правский;Сыроежковые;Нет;Да;20;50;Ровная;Белый, желтоватый;Вогнутая;Молочно-белый, желтоватый;Пластинчатая;Груздь встречается в лиственных и смешанных лесах (берёзовых, сосново-берёзовых, с липовым подлеском). Распространён в северных областях России, в Белоруссии, в Верхнем и Среднем Поволжье, на Урале, в Западной Сибири. Встречается нечасто, но обильно, растёт обычно большими группами. Относится к условно-съедобным грибам.;Скрипица, Груздь перечный, Груздь осиновый, Волнушка белая;https://drive.google.com/open?id=142pbA-LvJwH9n5CFDIcWUY4pzxOVki5S
11.20.2023 23:07:04;Мокруха пурпуровая;Мокруха слизистая, Мокруха блестящая, Мокруха желтоногая, Мокруха пурпурная, Мокруха сосновая, Желтоног медно-красный;Мокруховые;Нет;Да;15;25;Ровная;Желтоватый, бледно-оранжевый;Выпуклая;Желтоватый, оранжевый, медный, красноватый, пурпурно-красный, красновато-коричневый;Пластинчатая;Мокруха пурпуровая растет с начала августа до конца сентября в сосновых лесах и в лесах с примесью сосны. Может расти как в старых лесах, так и молодых посадках, на обочинах лесных дорог и опушках. Часто соседствует с маслёнком обыкновенным. Встречается одиночно или небольшими группами. Нормальный съедобный гриб. Необходимо предварительное отваривание, после чего пурпуровую мокруху можно жарить или мариновать. Рекомендуется снимать кожицу со шляпки.;Мокруха еловая, Мокруха розовая;https://drive.google.com/open?id=1QjVUPzXTEHw7RP1G8GgOk5J2P8D8YljY
11.20.2023 23:15:05;Трутовик серно-жёлтый;Куриный гриб, Гриб курица, Ведьмина сера, Кулына;Фомитопсисовые;Нет;Нет;;;;;Ровная;Бледно-желтый, оранжевый, розовато-оранжевый;Гладкая;Трутовик серно-желтый растет с середины мая до осени на остатках деревьев или на живых ослабленных деревьях лиственных пород. Первый слой (майско-июньский) наиболее обилен. В молодом возрасте съедобен, хотя вкус, надо отметить, «на любителя».;Мерипилус гигантский;https://drive.google.com/open?id=1l0GZM2z3VF18QFMO-UG9NxkWKg4KA_Ps
11.20.2023 23:19:38;Опёнок зимний;Фламмулина, Фламмулина бархатистоножковая, Коллибия бархатистоножковая, Зимний гриб;Физалакриевые;Нет;Да;5;8;Ровная;Желто-коричневый, медовый;Ровная;Желто-коричневый, медовый;Пластинчатая;Опёнок зимний  встречается поздней осенью и в начале зимы. Произрастает на валежнике и пнях, предпочитает лиственные деревья. При благоприятных условиях, может плодоносить весь зимний период. Хороший съедобный гриб.;Коллибия веретеноногая;https://drive.google.com/open?id=1s4G3kdoNMiAoKanDSGoXo0opgy5OFSO9
11.20.2023 23:24:36;Лисичка ложная;Говорушка оранжевая, Гигрофоропсис оранжевый, Кокошка;Гигрофоропсисовые;Полусъедобен;Да;5;10;Утолщенная вверху;Жёлто-оранжевый;Ровная;Оранжевый, жёлто-оранжевый, оранжево-коричневый;Пластинчатая;"Ложная лисичка обитает с начала августа до конца октября (массово с середины августа до последней декады сентября) в хвойных и смешанных лесах, на почве, подстилке, во мху, на гниющей древесине сосны и около нее, иногда возле муравейников, одиночно и большими группами, довольно часто, ежегодно.
Распространена по всей умеренной лесной зоне Европы, Азии.
Лисичка ложная долгое время считалась ядовитым грибом. Потом была перенесена в разряд «условно-съедобных». Сейчас многие микологи склонны считать её скорее слабоядовитой, чем съедобной, даже после предварительного отваривания не менее 15 минут. Пока медики и микологи не пришли к единому мнению на этот счёт, мы рекомендуем воздержаться от употребления этого гриба в пищу людям с повышенной чувствительностью к грибам: есть информация, что употребление ложной лисички может вызвать обострение гастроэнтерита.
";Лисичка обыкновенная, Ложная лисичка рыжая;https://drive.google.com/open?id=1Io179zRZWVoGVlzja-UShRz4g6j5N_pp
11.20.2023 23:29:11;Ежовик пёстрый;Ежовик черепитчатый, Ежовик чешуйчатый, Саркодон черепитчатый, Саркодон пёстрый;Банкеровые;Нет;Да;20;25;Ровная;Бурый, фиолетовый;Ровная;Бурый;Трубчатая;Ежовик пёстрый встречается в хвойных лесах время произрастания август — ноябрь. Достаточно редкий гриб, растет большими группами. Предпочитает сухие песчаные почвы. Распространен во всех лесных зонах, но не одинаково, местами вообще отсутствует, а местами образует круги. Гриб годится для употребления в пищу. Молодые грибы можно употреблять в любом виде, но вкуснее всего в жареном виде. Горьковатый вкус исчезает после отваривания. Ежовик пёстрый отличается необычным пряным запахом, поэтому не каждому он придется по вкусу. Чаще всего, его используют в качестве приправы в небольшом количестве.;Ежовик финский, Ежовик шероховатый;https://drive.google.com/open?id=1s2Vmiqta1r7Jx8gZ6xP8PtW6EQClvayh
11.20.2023 23:33:26;Паутинник жёлтый;Паутинник триумфальный, Приболотник жёлтый, Приболотник триумфальный;Паутинниковые;Нет;Да;10;30;Ровная;Беловато-жёлтый;Выпуклая;Оранжево-желтый;Пластинчатая;"Паутинник жёлтый растет с середины августа до конца сентября в лиственных лесах, образуя микоризу преимущественно с березой. Предпочитает сухие места; может считаться спутником черного груздя. Место и время наиболее интенсивного плодоношения этих двух видов нередко совпадает. Паутинник жёлтый в зарубежных источниках проходит по категории несъедобных грибов; отечественные авторы придерживаются другого мнения. Ю.Г. Семенов в своей книге называет паутинник желтый наиболее вкусным паутинником.";;https://drive.google.com/open?id=1zoC98Qb1dQGDAZz_vhXnpoEmZR6jqkz1
11.20.2023 23:37:34;Дубовик крапчатый;Поддубник, Боровик зернистоногий, Болет красноножковый;Болетовые;Нет;Да;20;30;Утолщенная внизу;Желто-красный, тёмно-красный;Выпуклая;Каштаново-коричневый, красно-бурый, черно-коричневый;Трубчатая;"Дубовик крапчатый растет в августе-сентябре (на юге — с конца мая) в лиственных и хвойных (с елью) лесах, в средней полосе редко
Дубовик крапчатый — съедобный (2 категории) или условно съедобный гриб (отваривание около 15 минут).";;https://drive.google.com/open?id=1cJctyzbeTLzOzVUuRnshnQk_zJ1Np-oE
11.26.2023 14:48:28;Бледная поганка;Мухомор зелёный, Мухомор белый;Аманитовые;Нет;Да;10;25;С юбкой;Белый, тускло-зеленый, оливковый, желтоватый, коричневатый;Выпуклая;Тускло-зеленый, оливковый, желтоватый, коричневатый;Пластинчатая;"Распространена в средней полосе России и других странах с континентальным климатом: Беларусь, Украина, встречается в странах Европы. Гриб смертельно ядовит. Даже минимальная доза может привести к летальному исходу. Определяющие признаки для этого вида включают:
мешковидную белую вольву вокруг основания ножки
кольцо
белые пластины
белый отпечаток спорового порошка
отсутствие бороздок на шляпке";;https://drive.google.com/open?id=1V2v_jyOrpSYyq9_gbL4Q8ZkSxve85Rfs
11.26.2023 14:55:26;Чешуйчатка обыкновенная;Чешуйчатка ворсистая, Чешуйчатка сухая, Чешуйчатка шероховатая;Строфариевые;Нет;Да;10;30;Утолщенная вверху; Ржаво-бурый, коричневатый;Выпуклая;Охряно-коричневый, охряно-бурый, бледно-желтый, бледно-охряный;Пластинчатая;"Чешуйчатка обыкновенная растет с середины июля до начала октября (массово с конца августа до конца сентября) в разных лесах на мертвой и живой древесине, на стволах, у основания вокруг стволов, на корнях лиственных (дуб, клён, липа, береза, осина, бук, плодовые — яблоня, груша) и реже хвойных (ель, сосна) деревьев, на пнях и около них, группами-пучками, колониями, не редко, ежегодно.
Несмотря на привлекательный внешний вид, чешуйчатка обыкновенная не относится к съедобным грибам достаточно давно. Ранее, примерно до середины восьмидесятых годов прошлого века, Чешуйчатка обыкновенная считалась вполне съедобным грибом третьей категории. Но после нескольких зафиксированных случаев отравлений в европейский странах, ряд справочников относят её к несъедобным, а в более современных источниках всё чаще — к ядовитым.";Чешуйчатка чешуйчатая, Чешуйчатка золотистая;https://drive.google.com/open?id=1zvLfjjG8EP9uUhXaliqTCi02tMjqVKBF
11.26.2023 14:58:47;Мухомор красный;;Аманитовые;Нет;Да;25;35;С юбкой;Белый;Выпуклая;Ярко-красный, оранжево-красный;Пластинчатая;"Мухомор красный растёт в хвойных, лиственных и смешанных лесах, особенно в березняках. Встречается часто и обильно одиночно и большими группами с июня до осенних заморозков. 
Гриб ядовит. Симптомы отравления проявляются через 20 мин и до 2 ч после приема. Содержит значительное количество мускарина и других алкалоидов.";Сыроежка золотисто-красная;https://drive.google.com/open?id=1qK_VFFPE4N-j7HykpudnQne6wtl1fVLV
11.26.2023 15:02:38;Вёшенка устричная;Вёшенка обыкновенная, Устричный гриб, Глыва;Вёшенковые;Нет;Да;10;20;Утолщенная вверху;Светло-серый;Вогнутая;Светло-пепельный, темно-серый, светлый, желтоватый, металлический;Пластинчатая;"Вешёнка устричная растет на мертвой древесине и на ослабленных деревьях, предпочитая лиственные породы. Массовое плодоношение, как правило, отмечается в сентябре-октябре, хотя при благоприятных условиях может появиться и в мае. 
Гриб съедобный и в молодом виде даже вкусный. Искусственно культивируется. Пожилые вешенки становятся жесткими и безвкусными.";Вёшенка рожковидная, Вёшенка беловатая, Вешенка дубовая;https://drive.google.com/open?id=1TOA21vkXeZgyKIQUYDZ6_uRW8BURKZdR
11.26.2023 15:06:53;Маслёнок жёлто-бурый;Маслёнок пёстрый, Моховик болотный, Моховик песчаный, Моховик желто-бурый, Болотовик, Пестрец;Маслёнковые;Нет;Да;20;35;Ровная;Лимонно-желтый, светло-желтый, оранжево-бурый, красноватый;Выпуклая;Серо-желтый, серо-оранжевый, буро-красноватый, светло-охряный;Трубчатая;"Масленок желто-бурый растет прежде всего на песчаной почве с июня по ноябрь в хвойных и смешанных лесах, часто в очень больших количествах. Плодовые тела появляются одиночно или небольшими группами. Масленок желто-бурый известен в Европе; в России— в европейской части, в Сибири и на Кавказе, доходя к северу до предела сосновых лесов, а также в горных лесах Сибири и Кавказа.
Съедобен (3-я категория). Малоизвестный съедобный гриб, но не очень вкусный. Молодые плодовые тела-лучше всего мариновать.";Моховик;https://drive.google.com/open?id=12i7Sle3Brqmo7aOHXEjNlEeBTy_YvWqt
11.26.2023 17:10:53;Говорушка перевёрнутая;Говорушка рыже-бурая;Рядовковые;Нет;Да;5;15;Утолщенная вверху;Светло-коричневый;Вогнутая;Оранжево-коричневый, кирпичный;Пластинчатая;"растёт разбросанно или тесными группами на хвойной подстилке, часто у подножия муравейников, иногда на влажных опилках и щепе. Чаще встречается в хвойных и смешанных лесах, иногда растёт и на богатых гумусом почвах. Распространённый вид Северного полушария, обычен в Северной Америке, материковой Европе и Великобритании. Период активного роста — осень, вплоть до наступления холодов, однако, в ряде мест он может смещаться на зиму или продолжаться — в мягком климате — до января. 
Согласно одним источникам, говорушка перевёрнутая не ядовита, но его пищевые качества оставляют желать лучшего, и собирать её большого смысла нет.
Согласно другим — ядовита (содержит мускариноподобные токсины).
";Говорушка ворончатая, Говорушка буро-жёлтая;https://drive.google.com/open?id=1iNDOOSG3RZ5oaTS2NjK0Gk3e_vS7QE_P
11.26.2023 17:18:22;Польский гриб;Моховик каштановый, Коричневый гриб, Панский гриб;Болетовые;Нет;Да;8;40;Ровная;Светло-бурый, желтовато-буроватый, желто-коричневый, светло-коричневый, желтоватый, белый, палевый;Выпуклая;Светло-красноватый, светло-коричневый, каштановый, шоколадно-коричневый, оливково-коричневый, буроватый, темно-коричневый, черно-коричневый;Трубчатая;"Польский гриб растет на кислых почвах в смешанных (часто под дубами, каштанами и буками) и в хвойных лесах — под немолодыми деревьями, на подстилке, на песчаных почвах и во мху, у основания деревьев, на кислых почвах в низинах и горах, единично или небольшими группами, не редко или довольно часто, ежегодно. Распространен в северной умеренной зоне, включая Северную Америку, но более массово — в Европе, в т.ч. в Польше, Беларуси, Западной Украине, Прибалтике, Европейской части России, на Кавказе, включая Северный, в Западной Сибири, Восточной Сибири, на Дальнем Востоке, в Азербайджане, Монголии и даже в Австралии (южная умеренная зона). 
Популярный и вкусный съедобный гриб (2-й категории) — особенно поздней осенью, когда сходят другие болетовые. Сине-голубая окраска белой мякоти исчезает при приготовлении. ";Белый гриб, Желчный гриб, Моховик зелёный;https://drive.google.com/open?id=1HGY8Uy3jxvdNOHfhPZGqCuRAgk6pOlac
11.26.2023 17:23:37;Зонтик чешуйчатый;Лепиота чешуйчатая, Лепиота коричнево-красная;Шампиньоновые;Нет;Да;10;20;С юбкой;Бело-кремовый, тёмно-вишнёвый;Выпуклая;Кремовато-коричневый, серовато-коричневый, вишнёвый;Пластинчатая;Зонтик чешуйчатый распространен по территории Западной Европы и Средней Азии, на Украине и юге России и предпочитает расти на лугах и в парках на газонах. Активное созревание происходит уже в середине июня и продолжается до конца августа. Зонтик чешуйчатый относится к смертельно ядовитым грибам. Он содержит в своём составе такие опасные яды, как цианиды, вызывающие смертельные отравления!;;https://drive.google.com/open?id=1qvfyGCb6bnXVrWkNUbQ9joa_nBvAz69f
11.26.2023 17:26:56;Рядовка фиолетовая;Рядовка лиловая, Леписта голая, Леписта фиолетовая, Синюха, Синичка;Рядовковые;Нет;Да;15;25;Ровная;Бледно-лиловый;Выпуклая;фиолетовый, бледно-лиловый, коричневатый;Пластинчатая;"Рядовка фиолетовая встречается часто, в основном группами. В основном растет на севере лесной зоны в смешанных и хвойных лесах. Реже встречается на полянах и опушках, среди зарослей крапивы и около навалов хвороста.
Съедобный вкусный гриб. Перед приготовлением, грибы нужно проварить в течение 10-15 минут.";Паутинник фиолетовый;https://drive.google.com/open?id=1_mzGQ_kob4EKwt-FtXkJhtILFEuC3eL8
11.26.2023 17:31:39;Мухомор серо-розовый;Мухомор розовый, Мухомор краснеющий, Мухомор жемчужный;Аманитовые;Полусъедобен;Да;15;30;Утолщенная внизу;Белый, розоватый;Выпуклая;Серовато-розовый, красно-коричневый, мясо-красный;Пластинчатая;"Мухомор серо-розовый образует микоризу с лиственными и хвойными деревьями, особенно с берёзой и сосной. Растёт на почвах любого типа, повсеместно в зоне умеренного климата Северного полушария. Мухомор серо-розовый плодоносит одиночно или небольшими группами, встречается часто. Сезон с весны до поздней осени, наиболее часто с июля по октябрь. 
Мухомор серо-розовый — Условно-съедобный гриб, знающие грибники считают его очень хорошим на вкус, и любят за то, что он появляется уже в начале лета. В свежем виде в пищу непригоден, обычно употребляется жареным после предварительного отваривания. Сырой гриб содержит не термостойкие ядовитые вещества, перед приготовлением его рекомендуется хорошо отваривать и сливать воду.";Пантерный мухомор;https://drive.google.com/open?id=1VKjmCvMoe0i9EGorPPSXs10EXG5SSf_E
11.28.2023 17:32:07;Зонтик пёстрый;Зонтик, Зонтик большой, Зонтик высокий, Макролепиота процера;Шампиньоновые;Нет;Да;15;30;С юбкой;Светло-коричневатый;Выпуклая;Беловатый, бело-серый, бурый;Пластинчатая;"Зонтик пёстрый произрастает с июля по октябрь в лесах, на полянах, вдоль дорог, на лугах, полях, пастбищах, в садах и пр. В благоприятных условиях образует внушительные «ведьмины кольца». 
Считается хорошим съедобным грибом";Зонтик краснеющий;https://drive.google.com/open?id=1bQgzdtaUgLlJpk7nFaG2DzEuVLqFduru
11.28.2023 17:36:00;Рядовка майская;Калоцибе майская, Калоцибе майский, Майский гриб, Георгиев гриб;Лиофилловые;Нет;Да;10;30;Ровная;Желтоватый, белый;Выпуклая;Желтоватый, белый;Пластинчатая;"Рядовка майская начинает плодоносить в середине или конце мая на лужайках, лесных опушках и полянах, в парках и скверах, на газонах; растет кругами или рядами, образуя хорошо заметные «тропинки» в травяном покрове. Полностью исчезает к середине июня.
Рядовка майская считается очень хорошим съедобным грибом.";Энтолома садовая;https://drive.google.com/open?id=17vS_rtJlEOLgG8ytMwrnpRSuFnyDv_PU
11.28.2023 17:40:53;Груздь дубовый;Рыжик дубовый, Млечник зональный, Млечник дубовый;Сыроежковые;Да;Да;15;30;Утолщенная вверху;Желтоватый, светло-оранжевый, кремовый;Выпуклая;Желтоватый, желтовато-оранжевый, рыжеватый, кремово-охристый;Пластинчатая;"Вид широко распространен в центральных и южных регионах Европы, Украины и европейской части России. Любит теплое время, встречается в Крыму, Краснодарском крае, на Кавказе. В последнее время заметны тенденции к распространению в более северные регионы. Так вид отмечен в Ленинградской области.Период плодоношения с июля по октябрь. Образует микоризу с дубом, лещиной, буком, грабом. Встречается в широколиственных и смешанных лесах, на глинистых почвах, одиночно, группами, большими группами. Не часто.
Условно-съедобный гриб 2-й категории. Традиционно используется солёным, с предварительным вымачиванием или отвариванием, для избавления от лишней горечи.";Рыжик, рыжик еловый;https://drive.google.com/open?id=1Sg-X6-Nn4mVhXtyRN1lgwRYQfTz1yFk0
11.28.2023 17:43:58;Свинуха гигантская;Белосвинуха гигантская, Говорушка гигантская, Рядовка гигантская;Рядовковые;Полусъедобен;Да;10;30;Утолщенная вверху;Бело-палевый;Вогнутая;Бело-палевый;Пластинчатая;"Свинуха гигантская встречается на лесных полянах в европейской части России и на Кавказе. Иногда образует «ведьмины кольца».
Съедобен, но может вызывать расстройство желудка. Посредственный, условно-съедобный гриб 4-й категории, используется свежим (после 15-20 минутного отваривания) или соленым. Использовать рекомендуется лишь молодые грибы.";;https://drive.google.com/open?id=1yCw-tn3ZWZv4txrkupun37deVHWaNy_u
11.28.2023 17:47:15;Лисичка обыкновенная;Лисичка настоящая, Лисичка жёлтая, Лисичка, Петушок;Лисичковые;Нет;Да;10;30;Утолщенная вверху;Яично-желтый, оранжево-желтый, беловатый;Вогнутая;Яично-желтый, оранжево-желтый, беловатый;Пластинчатая;"Этот весьма распространенный гриб растет с начала лета до поздней осени в смешанных, лиственных и хвойных лесах, временами (особенно в июле) в огромных количествах. Особенно часто встречается во мхах, в хвойных лесах.
Съедобный вкусный гриб.";Лисичка ложная, Ежовик желтый;https://drive.google.com/open?id=17j48mFavvjftSx0jx-z59BBVr8XigJL4
11.28.2023 17:52:13;Ежовик желтый;Ежовик выемчатый, Гиднум выемчатый, Дентинум выемчатый;Ежовиковые;Нет;Да;15;25;Утолщенная внизу;Бледно-желтый;Ровная;Желтоватый, беловатый, оранжевый;Трубчатая;"Растет с июля по октябрь (в основном — в августе) большими группами в лиственных, хвойных и смешанных лесах, предпочитая моховой покров.
Нормальный съедобный гриб. Все источники указывают, что в пожилом возрасте Ежовик желтый горчит.";Ежовик красновато-желтый, лисичка обыкновенная;https://drive.google.com/open?id=1Y0OIgsWeyoWB3Dn8dqVsAgtfwL1DAuBF
11.28.2023 17:56:19;Болет красивоножковый;Боровик красивый, Боровик несъедобный;Болетовые;Нет;Да;10;40;Утолщенная внизу;Лимонно-желтый, карминно-красный, буро-красный, белый;Выпуклая;Светло-коричневый, оливково-светло-бурый, бурый, буро-серый;Трубчатая;"Болет красивоножковый растет на почве с июля по октябрь в хвойных лесах в горных районах под елями, изредка в лиственных лесах.
Не съедобен из-за неприятного горького вкуса.";Дубовик обыкновенный, Сатанинский гриб;https://drive.google.com/open?id=1kfFWSjuHwUOfqm0ULK808-_6XgvkIzfA
11.28.2023 18:01:13;Сатанинский гриб;Болет сатанинский, Боровик сатанинский;Болетовые;Нет;Да;30;60;Утолщенная внизу;Тёмно-красный, белый, оливковый;Выпуклая;Бледно-охристо-белый, беловато-серый, свинцово-серый, желтоватый, оливковый, розоватый;Трубчатая;"Растет в светлых дубняках и широколиственных лесах на известковой почве.
Встречается в светлых лиственных лесах с дубом, буком, грабом, лещиной, съедобным каштаном, липой с которыми образует микоризу, преимущественно на известковых почвах. Распространён в Южной Европе, на юге европейской части России, на Кавказе, Ближнем Востоке. Встречается также в лесах на юге Приморского края. Сезон июнь — сентябрь.
Ядовит. Согласно некоторым источникам сатанинский гриб в европейских странах (Чехия, Франция) считают условно-съедобным и употребляют в пищу. Согласно итальянскому справочнику токсичность сохраняется и после тепловой обработки.";Дубовик обыкновенный;https://drive.google.com/open?id=1fAjP3jETTZprgH3M1avt9Wg55HIwus4Y
11.28.2023 18:04:13;Паутинник плюшевый;Паутинник горный, Паутинник оранжево-красный;Паутинниковые;Нет;Да;10;20;Ровная;Оранжевый, коричнево-красный, золотой;Выпуклая;Оранжевый, коричнево-красный, золотой;Пластинчатая;"Паутинник плюшевый — сравнительно редкий вид. В некоторых странах он до сих пор обнаружен не был. В Европе растет главным образом осенью (иногда в конце лета) в лиственных, а изредка и в хвойных лесах. Он образует микоризу в основном с дубом и березой. Чаще всего появляется на кислых почвах. 
Паутинник плюшевый — смертельно ядовит. Содержит ядовитое вещество орелланин, вызывающее патологические изменения в почках. Признаки отравления появляются через 3— 14 дней после приема гриба в пищу. Ядовитые свойства гриб сохраняет после кипячения в воде или сушки.";;https://drive.google.com/open?id=1Wzvor4fGawW9pYWkbKX-ZaU7GASveCzH
11.28.2023 18:07:29;Мухомор вонючий;Мухомор зловонный, Белоснежная поганка, Белая поганка;Аманитовые;Нет;Да;10;15;Утолщенная внизу;Белый;Выпуклая;Белый;Пластинчатая;"Растёт в хвойных и смешанных сыроватых лесах на песчаных почвах с июля по сентябрь.
Гриб смертельно ядовит.
";Поплавок белый, Гриб-зонтик белый, Шампиньон переселковый;https://drive.google.com/open?id=1N4b6KxHpsJYk038SLjVZOIEffRWTZwjU
12.6.2023 1:01:17;Трутовик скошенный;Берёзовый гриб, Чага, Древесный гриб, Чёрный гриб, Трутовик косотрубчатый, Чёрный берёзовый гриб;Гименохетовые;Нет;Нет;;;;;Выпуклая;Чёрно-бурый, чёрный, буро-коричневый, древесный;Трубчатая;"На протяжении всего сезона плодоношения трутовик скошенный паразитирует на древесине берёз, ольхе, иве, рябине, осине. Развивается в углублениях и трещинах деревьев, паразитируя на них много лет, пока древесина не станет трухлявой, и не рассыплется. Встретить этот гриб можно не часто, а определить его наличие на первых стадиях развития можно по стерильным наростам. Вторая стадия развития трутовика скошенного характеризуется образованием плодовых тел уже на отмершей древесине. Этот гриб провоцирует поражение древесины белой, сердцевинной гнилью.
Трутовик скошенный, произрастающий на всех деревьях, кроме берёзы, употреблять в пищу нельзя. Плодовые тела скошенного трутовика, паразитирующего на древесине берёзы, обладают лечебным действием. Народная медицина предлагает экстракт чаги как прекрасное средство для лечения заболеваний органов желудочно-кишечного тракта, селезёнки, печени.";;https://drive.google.com/open?id=1SFeG0ALAIYPTqgkVx120dJRIxRsy1qeu
12.6.2023 1:04:14;Рядовка белая;;Рядовковые;Нет;Да;15;20;Утолщенная внизу;Желтовато-бурый, серовато-белый ;Выпуклая;Серовато-белый;Пластинчатая;"Белая рядовка растет в густых лесах, большими группами. Так же встречается в парках и рощах. Белая окраска рядовки делает гриб похожим на шампиньоны, но не темнеющие светлые пластины, сильный резкий запах и жгучий едкий вкус отличают белую рядовку от шампиньонов.
Гриб несъедобен из-за сильного неприятного запаха. Вкус едкий, жгучий. По некоторым источникам, гриб относится к ядовитым видам.";Рядовка вонючая;https://drive.google.com/open?id=1qV-gmtolxR-CKSQH83uA5YOdDtRKNaS-
12.6.2023 1:07:51;Боровик придаточковый;Боровик девичий, Боровик укороченный, Боровик красноватый, Боровик буро-желтый;Болетовые;Нет;Да;20;30;Ровная;Лимонно-желтый, красно-буроватый;Выпуклая;Желто-бурый, красно-бурый, коричнево-бурый;Трубчатая;"Гриб редкий. Растет, как правило группами, с июня по сентябрь прежде всего в регионах с умеренно теплым климатом в лиственных и смешанных лесах, главным образом под дубами, грабами и буками, так же отмечен в горах среди пихт. В литературе отмечают привязанность к известковой почве.
Вкусный съедобный гриб.";Полубелый гриб;https://drive.google.com/open?id=1Jk7kkXU8vS2BHY0Uxqu9ellCnfp2Rv8l
12.6.2023 1:13:02;Шампиньон желтокожий;Шампиньон рыжеющий, Печерица желтокожая;Шампиньоновые;Нет;Да;10;20;С юбкой;Белый;Выпуклая;Белый, буроватый, желтоватый;Пластинчатая;"Шампиньон желтокожий активно плодоносит летом и осенью. Особенно в обильном количестве она появляется после дождей. Встречается не только в лесах смешанного типа, но также и в парках, в садах, во всех заросших травой местах. Данный вид гриба широко распространен по всему миру.
Гриб ядовит, вызывает желудочные расстройства.
Отличительными признаками шампиньона желтокожего от съедобного гриба является его желтеющие места при прикосновении и выделяемый неприятный фенольный запах.";Шампиньон обыкновенный;https://drive.google.com/open?id=1wZNPhVqcqgjPUHnefnGJ-ZfnBw_iI2vX
12.6.2023 1:17:25;Гигрофор оливково-белый;Сластена, Черноголовик, Мокрица оливково-белая;Гигрофоровые;Нет;Да;15;30;Ровная;Желтоватый, бело-рыжеватый;Выпуклая;Коричневый, оливково-зеленый;Пластинчатая;"Гигрофор оливково-белый встречается в хвойных и смешанных лесах, чаще всего с елью и сосной. Сезон - лето-осень.
Съедобный гриб среднего качества.";Гигрофор персона;https://drive.google.com/open?id=1fYBDH-SWt1hoBJI5e-h_ElU8Q9IWw3nw
12.6.2023 1:20:43;Паутинник фиолетовый;;Паутинниковые;Да;Да;10;20;Утолщенная внизу;Буровато-фиолетовый, темно-фиолетовый;Выпуклая; Темно-фиолетовый;Пластинчатая;"Встречается в лиственных и хвойных лесах, особенно в сосняках, в августе-сентябре.
Малоизвестный съедобный гриб.
Занесен в Красную книгу.";;https://drive.google.com/open?id=1pL-L2DR9MEKMiCPjh0-Mh2_g0vd8n_Le
12.6.2023 1:24:01;Рядовка дымчатая;Говорушка серая, Говорушка дымчато-серая;Рядовковые;Нет;Да;10;30;Утолщенная внизу;Серо-белый, светло-серый, желтоватый;Выпуклая;Пепельный, желтоватый;Пластинчатая;"Дымчатая говорушка растет с конца лета до поздней осени (особенно обильно с середины сентября до первой декады октября, а то и позже) в еловых и смешанных лесах (предпочитая, видимо, образовывать микоризу с елью), а также на опушках, в садах и пр. Часто появляется очень большими группами, образуя кольца и ряды.
Рядовка дымчатая — съедобный гриб, по некоторым данным — условно съедобный (во избежание недоразумений гриб лучше отваривать, отвар в пищу не использовать). ";Говорушка булавоногая;https://drive.google.com/open?id=1j_IZxieARFAhKIu92mB70lZ5kbK0Iq-9
12.6.2023 1:26:55;Опёнок луговой;Негниючник луговой, Марасмиус луговой, Луговик, Гвоздичный гриб;Негниючниковы;Нет;Да;10;15;Ровная;Желтовато-белый;Выпуклая;Рыжевато-желтый, грязно-белый;Пластинчатая;"Луговой опенок встречается с начала лета до середины или конца октября на лугах, в садах, на полянах и лесных опушках, а также вдоль дорог; плодоносит обильно, часто образуя характерные кольца.
Универсальный съедобный гриб, подходит в том числе для сушки и супов.
 ";Говорушка беловатая;https://drive.google.com/open?id=1ZDESVIUf_IHXZPHQfB_4Av7cgtryF2Uv
12.6.2023 1:31:05;Моховик зеленый;;Болетовые;Нет;Да;10;20;Утолщенная вверху;Желтовато-бурый, красно-буроватый;Выпуклая;Оливково-бурый, желтовато-оливковый, ярко-желтый, пеленовато-желтый;Трубчатая;"Моховик зелёный встречается в лиственных, хвойных лесах и кустарниках, обычно на хорошо освещенных местах (по обочинам троп, канав, на опушках), иногда растет на гнилой древесине, муравейниках. Селится чаще одиночно, иногда группами.
Моховик зеленый считается съедобным грибом 2-й категории. Для приготовления используется все тело гриба, состоящее из шляпки и ножки. Горячие блюда из него приготавливаются без предварительного отваривания, но с обязательным очищением от кожицы.";Моховик желто-бурый, Польский гриб;https://drive.google.com/open?id=1XrxkT_KMpyfv8iVVPo-3ZnzdwCdwKzQ4
12.6.2023 1:34:53;Панеолус мотыльковый;;Псатирелловые;Нет;Да;20;40;Ровная;Серо-коричневый;Выпуклая;Серо-коричневый, оливково-коричневый, желтовато-коричневый, красновато-коричневый;Пластинчатая;"Панеолус мотыльковый встречается на пастбищах или на перегнившей траве. Произрастает небольшими группами в лошадином или коровьем навозе. Иногда встречается одиночно, но редко. Период плодоношения с весны по осень.
Насчет съедобности гриба информация отсутствует, но употреблять его в пищу не рекомендуется, поскольку возможно, гриб содержит токсическое вещество – слабо концентрированный псилоцибин, имеющее умерено галлюциногенные свойства. Некоторые источники указывают данный гриб, как ядовитый.";;https://drive.google.com/open?id=1wZkZ7Tmh-CCgCLkYGYmLUrrp4aDK24NK
12.7.2023 6:10:20;Маслёнок настоящий;Маслёнок обыкновенный, Маслёнок жёлтый, Маслёнок поздний, Маслёнок осенний;Маслёнковые;Нет;Да;10;25;С юбкой;Лимонно-желтый, буроватый;Выпуклая;Шоколадно-буроватый, фиолетовый;Трубчатая;"Маслёнок настоящий растёт на песчаной почве с конца мая по ноябрь в хвойных лесах. Плодовые тела появляются одиночно или чаще всего большими группами.
Маслёнок настоящий — Съедобный, вкусный гриб второй категории, по вкусовым качествам очень близок к белым грибам. Перед употреблением кожицу со шляпки лучше снимать. ";Маслёнок рыжий;https://drive.google.com/open?id=1mxJmlhSe1kqVJPgJe_twqDxmV6DMsW9i
12.7.2023 6:15:13;Груздь осиновый;Груздь Тополевый, Белянка;Сыроежковые;Да;Да;10;20;Ровная;Белый, розоватый;Вогнутая;Белый, розоватый;Пластинчатая;"Груздь осиновый образует микоризу с ивой, осиной и тополем. Растёт в сырых осинниках, тополёвых лесах, встречается довольно редко, плодоносит обычно небольшими группами.
Груздь осиновый распространён в более тёплых частях умеренного климатического пояса, в России встречается главным образом в районе Нижнего Поволжья.
Сезон июль—октябрь.
Условно-съедобный гриб, используется в основном в солёном виде, реже — жареным или варёным во вторых блюдах.";Волнушка белая;https://drive.google.com/open?id=1YjYZ2qsCcZ2IGLeqJPVq-VBvophqsiS1
12.7.2023 6:21:15;Опёнок серопластинчатый;Ложноопёнок серопластинчатый, Опёнок маковый, Ложноопёнок маковый, Гифолома маковая, Гифолома охряно-оранжевая;Строфариевые;Нет;Да;5;10;Ровная;Желтый, ржаво-коричневый;Ровная;Тускло-желтый, светло-коричневый;Пластинчатая;"Опёнок серопластинчатый — типичный древесный гриб. Его плодовые тела вырастают пучками на пнях и на скрытых в земле корнях. Он растет лишь в хвойных лесах, чаше всего на сосне и ели, как в низинах, так и высоко в горах. Особенно обильна в горных еловых лесах. Опёнок серопластинчатый распространен во всем умеренном поясе северного полушария. 
Опёнок серопластинчатый имеет репутацию хорошего съедобного гриба.
";Ложноопёнок серно-желтый, Гифолома кирпично-красная;https://drive.google.com/open?id=1cFVikTE0Z9YRX9d37B_WRWTMJMy4oW-u
12.7.2023 6:25:19;Говорушка буро-желтая;Рядовка водопятнистая, Рядовка золотистая, Рядовка буро-жёлтая;Рядовковые;Нет;Да;5;10;Ровная;Желто-охряный, бледно-охряный;Вогнутая;Желтовато-охряный, желто-оранжевый, рыжеватый, желтоватый, коричневато-желтоватый, кремовый, желтовато-молочный;Пластинчатая;"Говорушка буро-жёлтая растет с начала июля до конца октября (массово с середины августа до середины октября) в хвойных и смешанных лесах, группами, не редко.
По некоторым зарубежным источникам Говорушка буро-жёлтая — ядовитый гриб с ядами, аналогичными мускарину. По другим микологическим источникам — условно-съедобный гриб.";Говорушка перевёрнутая, Рядовка рыжая;https://drive.google.com/open?id=19N2n3OTPm_OcCHi5gFDTjt5NmiFBVc0o
12.7.2023 6:29:00;Опёнок летний;Опеногаллеринный опенок, Кюнеромицес изменчивый;Строфариевые;Нет;Да;3;5;С юбкой;Коричневый, бурый, темно-бурый;Выпуклая;Желто-бурый;Пластинчатая;"Опёнок летний растет с июня по октябрь (обильно плодоносит, как правило, в июле-августе, не позже) на гниющей древесине, на пнях и валежнике лиственных деревьев, преимущественно березы. При подходящих условиях попадается в огромном количестве. На хвойных деревьях встречается редко.
Считается очень хорошим съедобным грибом, особенно в западной литературе.";Галерина окаймленная, Опёнок зимний, Ложноопёнок серно-желтый;https://drive.google.com/open?id=18UTCSK9pJCWubFce5xhbJRcjFxxhi493
12.7.2023 6:33:19;Рядовка желто-красная;Рядовка краснеющая, Песочник красный, Ложнорядовка жёлто-красная, Опёнок жёлто-красный, Опёнок красный, Опёнок сосновый;Рядовковые;Нет;Да;10;15;Утолщенная внизу;Желто-красный;Выпуклая;Желто-оранжевый, желто-красный, бордово-коричневый, бордово-фиолетовый;Пластинчатая;"Рядовка жёлто-красная встречается нечасто в хвойных лесах. Произрастает на пнях лиственницы и на валеже, на завалах, в поймах. Предпочитает древесину именно хвойных пород деревьев. Плодоносит с июля по сентябрь. Как правило, растет пучком по три-четыре гриба.
Рядовка жёлто-красная съедобна, употребляется в жареном, соленом, маринованном или вареном виде. Относится к условно-съедобным, четвертой категории вкусовых качеств.";;https://drive.google.com/open?id=13531hCp5JX15JBhvTR7ChP87fH8omMqi
12.8.2023 11:15:28;Чёрный груздь;Оливково-чёрный груздь, Чернушка, Черныш, Чёрная дуплянка, Цыган, Чёрный еловый груздь, Оливково-коричневый груздь;Сыроежковые;Нет;Да;15;30;Утолщенная внизу;Тёмно-оливковый;Ровная;Тёмно-оливковый;Пластинчатая;"Чёрный груздь образует микоризу с берёзой. Произрастает в смешанных лесах, березняках, обычно большими группами во мху, на подстилке, в траве, в светлых местах и у лесных дорог.
Сезон с середины июля до середины октября (массово с середины августа до конца сентября).
Условно-съедобный гриб, используется, как правило, солёным или свежим во вторых блюдах. ";;https://drive.google.com/open?id=1aCGWZVZoIGuiufcaud6yjWzVQceEzK3k
12.8.2023 11:17:55;Рыжик настоящий;Рыжик обыкновенный, Рыжик осенний, Рыжик сосновый, Рыжик боровой, Рыжик деликатесный, Рыжик благородный;Сыроежковые;Нет;Да;10;20;Ровная;Рыжий, беловато-оранжевый;Ровная;Рыжий, беловато-оранжевый;Пластинчатая;"Основными местами произрастания являются горные хвойные леса Сибири, Урала и европейской части России.
Рыжик — съедобный гриб первой категории.
Используется преимущественно для засола и маринования, но можно употреблять его и в жареном виде.";;https://drive.google.com/open?id=1c8JAMtzxrNK6xL2OaD98sVDm-zfKOMoJ
12.8.2023 11:21:29;Мокруха еловая;Мокруха клейкая, Гриб слизняк;Мокруховые;Нет;Да;6;20;С юбкой;Белый, черноватый, коричневатый;Выпуклая;Серый, серовато-коричневый, фиолетовый, серо-синий, шоколадно-коричневый, пурпурный;Пластинчатая;"С середины июля до заморозков. Массово плодоносит с августа по сентябрь. Распространен повсеместно в северном и умеренном поясе республик бывшего СССР, в Алтайском крае, Западной Европе, Северной Америке.
Съедобный гриб 4 категории, напоминающий по вкусу маслят, перед употреблением рекомендуется очистить от кожицы и отварить.";;https://drive.google.com/open?id=1xuNVNo-9lrUl9qCxtW69EDSLpaEea1Yv
12.8.2023 11:24:46;Рядовка украшенная;Рядовка красивая, Рядовка оливково-жёлтая;Рядовковые;Нет;Да;5;10;Ровная;Пурпурный, желтоватый;Выпуклая;Жёлто-охряный, желтоватый;Пластинчатая;"Украшенные рядовки чаще всего встречаются в смешанных или хвойных лесах, где растут сосны. Предпочитают расти на подгнивающей древесине хвойных пород деревьев (чаще это – сосны, иногда – ели). Увидеть рядовку украшенную также можно на пнях. Этот гриб растёт в составе небольших групп, встречается нечасто. Наиболее активное его плодоношение приходится на период с августа по вторую декаду октября.
Рядовка украшенная – условно-съедобный гриб, обладающий низким качеством. Его мякоть очень горькая, что обуславливает неприязнь многих гурманов к этому виду рядовок.";Рядовка желто-красная;https://drive.google.com/open?id=1hpevu8ZYrvp7JoZwrKpsgZbIGlJdf98D
12.8.2023 11:29:04;Полубелый гриб;Желтожебрик, Болет полубелый, Боровик жёлтый;Болетовые;Да;Да;20;60;Утолщенная внизу;Кремовый или от светло-жёлтого до жёлтого, снизуКрасноватый, ржавый, желто-оранжевый, красный;Выпуклая;Сероватый, серовато-охристый, светло-серый, оливковый, светло-коричневый, глинистый, рыжеватый;Трубчатая;"Период плодоношения на территории стран СНГ с конца мая по октябрь, более массово в августе-сентябре. Растёт как на кислых, так и известковых почвах. Образует микоризу с дубом, буком, каштаном, грабом, липой, сосной. Предпочитает влажные пойменные широколиственные леса, влажные глинистые с примесью извести почвы. Встречается редко, может быть не ежегодно, иногда обильно.
Съедобный гриб 2-й категории. По некоторым оценкам, очень вкусный гриб, не уступающий Белым грибам. ";Белый гриб, Боровик неопушённый, Дубовик обыкновенный, Боровик придаточный;https://drive.google.com/open?id=1diebownz6H-Egc6AkiiReXJYp3HsmQ5F
12.8.2023 11:32:23;Скрипица;Груздь войлочный, Скрипун, Скрипуха, Молочай, Подскрёбыш молочный, Подсухарь;Сыроежковые;Нет;Да;20;50;Ровная;Белый;Вогнутая;Белый, желтоватый, красновато-бурый, охристый;Пластинчатая;"Скрипица образует микоризу с лиственными и хвойными деревьями, часто с березой. В хвойных и лиственных лесах, обычно группами.
Сезон — Лето-осень.
Условно-съедобный гриб. Съедобна в соленом виде после вымачивания.";Млечник Бертиллона;https://drive.google.com/open?id=1yZL_rehcvKx9KQsOBQS_VeKzxkOT4vdF
12.8.2023 11:35:59;Цезарский гриб;Цезарев гриб, Кесарев гриб, Мухомор цезаря;Аманитовые;Нет;Да;15;25;Утолщенная внизу; Светло-жёлтый, золотистый;Выпуклая;Оранжевый, огненно-красный, желтоватый;Пластинчатая;"Встречается с июня по октябрь в старых светлых лесах, перелесках, лесных порослях, на границе лиственных лесов и лугов. Традиционно произрастает под каштанами и дубами, реже — по соседству с буками, берёзами, орешником или хвойными породами деревьев на кислых или декальцинированных почвах, спорадически, одиночно. 
Исключительно вкусный съедобный гриб (1-ая категория), чрезвычайно ценимый ещё с античных времён. Используется варёным, жареным, сушёным, маринованным.";Мухомор красный, Поплавок шафрановый;https://drive.google.com/open?id=1dZB8VYvg4t1l3Vu6ixG9P2Lr88BfPbho
12.8.2023 11:39:30;Аурикулярия извилистая;Аурикулярия плёнчатая;Аурикуляриевые;Нет;Нет;;;;;Ровная; Коричневый, светло-серый;Гладкая;"Аурикулярия извилистая обитает в лиственных, главным образом низинных лесах на упавших стволах деревьев: вязы, тополя, ясени. Обычный гриб для района Нижнего Дона.
Гриб Аурикулярия извилистая Съедобен, но пищевое качество низкое.";;https://drive.google.com/open?id=1Q0Th9bhqu6zJC3WCCS_eKiwmifo8eXsy
12.8.2023 11:45:14;Волнушка белая;Белянка, Волжанка;Сыроежковые;Нет;Да;10;20;Ровная;Беловатый, розоватый;Вогнутая;Белый, розовый, желтый;Пластинчатая;"Волнушка белая встречается с начала августа по конец сентября в смешанных и лиственных лесах, образовывая микоризу главным образом с березой; предпочитает молодые березняки и приболоченные места. В удачный сезон может появляться в зарослях молодых березок в огромных количествах.
Хороший гриб, пригодный для засола и маринования.";Волнушка розовая;https://drive.google.com/open?id=1h43SXix8WgOr8uE42xNXd95egPFH3Qt_
12.8.2023 11:50:23;Подмолочник;Подоречник, Молочай;Сыроежковые;Нет;Да;15;30;Утолщенная внизу;Рыже-бурый, коричнево-бурый, ржавый, светло-охристый;Выпуклая;Рыже-бурый, коричнево-бурый, ржавый, светло-охристый;Пластинчатая;"Встречается с июля по октябрь. Один из самых ранних млечников. Растет в лиственных, смешанных и еловых лесах.
Съедобный гриб, который можно есть даже сырым. Хорош в сыро засоленном или квашенном виде, без какой-либо термообработки. ";Млечник гигрофоровидный, Млечник оранжевый;https://drive.google.com/open?id=1P0wIcbxpoIDenn8L1SGO5QQ7BMye3JBs
12.11.2023 14:18:51;Волнушка розовая;Волнянка, Волжанка, Волвенка, Волвяница, Волминка, Волнуха, Краснуха, Красуля, Отваруха;Сыроежковые;Нет;Да;10;20;Ровная;Бледно-розовый;Ровная;Розовато-красный;Пластинчатая;"Волнушка растет с сердины лета по октябрь в лиственных и смешанных лесах, предпочитая образовывать микоризу с немолодоыми березами. Иногда появляется большими группами в густой траве на опушках.
В России Условно-съедобный гриб хорошего качества, употребляется в солёном и маринованном виде, иногда свежим во вторых блюдах.";Волнушка белая, Млечник шиповатый;https://drive.google.com/open?id=1u5zmjU-Xueh8reoQ482zhzB-Y7kkoy_Z
12.11.2023 14:22:57;Рядовка чешуйчатая;Рядовка коричневатая, Рядовка волокнисто-чешуйчатая, Сластушка;Рядовковые;Нет;Да;10;20;Утолщенная внизу;Белый, желтоватый, светло-ржавый;Выпуклая;Рыжевато-коричневый, красновато-коричневый;Пластинчатая;"Рядовка чешуйчатая встречается в смешанных или хвойных лесах, где много сосен. Увидеть этот вид грибов можно в лесистых местностях, где произрастает сосновый молодняк. Период массового плодоношения приходится на осень (сентябрь), а  первый урожай этих грибов можно собрать уже в середине августа. Завершается же плодоносный период у сластушек примерно в середине октября.
Гриб Рядовка чешуйчатая является съедобным, правда, некоторые грибники относят этот вид к условно-съедобным или несъедобным. Такая путаница возникает по причине того, что описываемый вид грибов изучен не до конца. ";Рядовка жёлто-бурая;https://drive.google.com/open?id=1C4dDLq46DP80SFWP7BARZoLWipQ7lFiJ
12.11.2023 14:26:37;Боровик прекрасный;Боровик красивейший;Болетовые;Нет;Да;40;100;Утолщенная внизу;Красновато-коричневый, темно-красный;Выпуклая;Красноватый, коричневатый, желтоватый, оливково-коричневый;Трубчатая;"Боровик прекрасный образует микоризу с такими хвойными деревьями: камнеплодник, лжетсуга тиссолистная и пихта великая. Сезон роста этого гриба припадает у грибников на конец лета и длится до конца осени.
Боровик прекрасный относится к ядовитым грибам.";;https://drive.google.com/open?id=11bL6p1hckWVxKLbANpsEpWFYPfXD4Yb2
12.11.2023 14:30:29;Мухомор жемчужный;;Аманитовые;Полусъедобен;Да;10;30;С юбкой;Белый;Выпуклая;Желто-коричневый, грязно-коричневый, красноватый;Пластинчатая;"Встречается мухомор жемчужный достаточно часто. Это один из самых неприхотливых видов грибов. Произрастает на любых почвах, в любом лесу. Встречается летом и растет до поздней осени.
Мухомор жемчужный - условно-съедобный гриб. В сыром виде не употребляется, его необходимо тщательно прожаривать. Для сушки не подходит, но его можно солить, замораживать или мариновать.";Пантерный мухомор, Коренастый мухомор;https://drive.google.com/open?id=1Dbw2Z-_bqeZfht3LDiqXRtLCFCumxHXd
12.11.2023 14:33:56;Строфария сине-зеленая;;Строфариевые;Нет;Да;8;20;С юбкой;Бледно-синеватый, бледно-зеленоватый;Выпуклая;Сине-зеленый;Пластинчатая;"Строфария сине-зеленая растет группами или пучками на мертвых стволах и пнях хвойных деревьев, главным образом елей, сосен, пихт. Реже она встречается на мертвых лиственных деревьях. Плодовые тела обильно появляются летом и осенью, как в низинах, так и в горах. 
Строфарию сине-зеленую в Европе считают съедобным, но низкокачественным грибом. Перед приготовлением необходимо снимать со шляпки скользкую кожицу. В США этот гриб относят к числу ядовитых, так как там были отмечены случаи отравления строфарией сине-зеленой.";;https://drive.google.com/open?id=1jiSrjv2lRP6GUWYlNjGHwx_PM1QzdD1z
12.11.2023 14:37:13;Галерина окаймленная;;Гименогастровые;Нет;Да;2;5;Утолщенная внизу;Светло-желтый, рыжеватый;Выпуклая;Желто-бурый, охряный;Пластинчатая;"Галерина окаймлённая произрастает с середины июня по октябрь в лесах различного типа, предпочитая сильно перегнившую древесину хвойных пород; часто растет на субстрате, погруженном в землю и от того невидимом. Плодоносит небольшими группами.
Гриб крайне ядовит. Содержит токсины, аналогичные токсинам бледной поганки.";Летний опенок;https://drive.google.com/open?id=1rzcKJV_v1lU-2iylWqRkb4Tpntu3pX8I
12.11.2023 14:44:06;Головач гигантский;Дождевик гигантский, Лангермания гигантская;Шампиньоновые;Полусъедобен;Нет;;;;;Выпуклая;Шелый, желто-зеленый;Гладкая;"Гриб можно встретить практически везде, но наиболее часто в умеренном поясе. Встречается в одиночку, но появившись в одном месте он может исчезнуть совсем или не появляться очень долго. Такой вид получил название «метеорный». На территории России встречался в европейской части, в Карелии, на Дальнем Востоке, в Сибири в Красноярском крае. Также на Северном Кавказе. Растет в смешанных и лиственных лесах, на лугах, полях, на выгонах, в степях по одному.
Съедобен в молодом возрасте, пока мякоть упругая, плотная и белого цвета.";;https://drive.google.com/open?id=1OyPZ56AHANEUl7jS14BMz0UAMWpQ9d6a
12.11.2023 14:47:12;Подгруздок белый;Сухарь, Сухой груздь, Сыроежка превосходная, Сыроежка приятная;Сыроежковые;Нет;Да;10;25;Ровная;Беловатый;Вогнутая;Беловатый;Пластинчатая;"Гриб растет с середины лета и до начала октября. Его ареал – березовые, осиновые, дубовые леса, смешанные леса. Гораздо реже встречается в хвойных лесах. В целом это довольно распространенный вид гриба на территории всей Евразии.
Гриб относится к съедобным. Но вкусовые качества довольно-таки посредственные.";Сыроежка коротконогая, Сыроежка ложнороскошная, Скрипица съедобная;https://drive.google.com/open?id=1zptVWQvzWtmbVZofnnllif-bZ5t7gSu6
12.11.2023 14:50:01;Перечный гриб;Маслёнок перечный, Моховик перечный;Болетовые;Полусъедобен;Да;10;15;Ровная;Медно-красный, темно-ржавый;Выпуклая;Медно-красный, темно-ржавый;Трубчатая;"Перечный гриб обычен в сухих хвойных лесах, встречается довольно часто, но как правило, не слишком обильно, с июля и до конца осени. Также может образовывать микоризу с лиственными породами, например, с молодыми березами.
Гриб, безусловно, не ядовит. Многие источники сообщают, что он «несъедобен по причине острого перечного вкуса».";;https://drive.google.com/open?id=1VBepjeWlCZrR4bsRW7Jz2JBLCUo7h5CW
12.11.2023 14:53:40;Подосиновик красный;Красноголовик, Подосиновик обыкновенный, Подосиновик кроваво-красный;Болетовые;Нет;Да;20;50;Утолщенная внизу;Белый, зеленоватый, красновато-коричневый;Выпуклая;Красно-оранжевый;Трубчатая;"Подосиновик красный растет с июня по октябрь, образуя микоризу главным образом с осинами. Там, где их не собирают, встречается в колоссальных масштабах.
Хороший съедобный гриб.";Дубовый подосиновик, Подосиновик желто-бурый;https://drive.google.com/open?id=16xyVLYvSwBlZ21wW0rar7R5xjkgn3l1w
12.11.2023 15:58:54;Панеолус колокольчатый;Панеолус мотыльковый, Навозник колокольчатый, Навозник мотыльковый;Псатирелловые;Нет;Да;2;3;Ровная;Красноватый, черновато-коричневый, черный;Выпуклая;Беловатый, серый, красновато-коричневый, коричневатый;Пластинчатая;"Растет в основном группами, иногда по одиночке, на почве, хорошо унавоженной коровьим или лошадиным навозом, часто прямо на навозе. Распространен на плодородных лугах и речных долинах, часто на или рядом с местами, где растет особенно высокая трава (навоз, плодородные почвы).
Панеолус колокольчатый – гриб несъедобный, а некоторые источники утверждают, что даже ядовитый";;https://drive.google.com/open?id=1kb1HiPLrirHWM02aIyZJ4-y6eA1sSZre
12.11.2023 16:24:22;Говорушка дымчатая;;Рядовковые;Нет;Да;10;30;Утолщенная внизу;Сероватый, беловатый;Ровная;Желтовато-беловатый, грязно-белый, сероватый;Пластинчатая;"Говорушка дымчатая растет с начала сентября до ноября (массовое плодоношение в сентябре) в хвойных и смешанных (с дубом, елью) лесах, в светлых местах, на подстилке, группами, рядами, встречается нечасто, не ежегодно.
Ядовитый гриб для многократного употребления: токсины постепенно накапливаются в организме, пока не вызывают желудочно-кишечные и неврологические отравления. ";Рядовка белая;https://drive.google.com/open?id=1y3QLpYux8jzJtjzLKmi9R7cldncWTOsW
12.11.2023 16:28:29;Рядовка грязная;Рядовка сорная, Синичка, Леписта грязная, Леписта сорная;Рядовковые;Нет;Да;10;15;Ровная;Сиреневый, буро-лиловый, коричневатый, красно-коричневый;Выпуклая;Сиреневый, буро-лиловый, коричневатый, красно-коричневый;Пластинчатая;"Произрастает в садах, огородах, парках, скверах, на опушках лесов или не глубоко в светлых лесах. Может быть встречена на лугах. Растет группой/пучком из нескольких плодовых тел, реже встречается одиночно. Наиболее активное плодоношение этого вида рядовок начинается в июле и продолжается до конца сентября.
Несмотря на малую известность среди любителей грибного собирательства, гриб рядовка грязная принадлежит к числу съедобных. Его желательно перед употреблением в пищу отварить, но отвар с него не годится для употребления и потому его лучше вылить.";Фиолетовая рядовка;https://drive.google.com/open?id=1y-_i4WDxFrBJhhthmd54_MDDeszjJKEM
12.11.2023 16:31:50;Боровик королевский;;Болетовые;Нет;Да;40;60;Утолщенная внизу;Желтовато-бурый;Выпуклая;Розовый, фиолетовато-красный, ровозовато-красный;Трубчатая;"Встречается боровик королевский преимущественно в буковых и других лиственных лесах. В России распространен на Кавказе, а также редко встречается на Дальнем Востоке. Это гриб предпочитает песчаные и известковые почвы. Собирать это гриб можно с июня по сентябрь.
Хороший съедобный гриб. Боровик королевский имеет душистую и плотную мякоть, которая очень высоко ценится. Употреблять этот гриб можно как в свежеприготовленном, так и в консервированном виде.";Боровик красивый;https://drive.google.com/open?id=1g8_beeGQ_d1jLxyAo9ePl-ccmOIJcD7H
12.11.2023 16:37:22;Валуй;Сыроежка вонючая;Сыроежковые;Полусъедобен;Да;20;50;Ровная;Белый, сероватый, грязно-коричневый, красновато-коричневый;Выпуклая;Светло-охристый, красновато-коричневый, красновато-чёрный;Пластинчатая;"Обычен в слегка влажных лесах, на тяжелых почвах, под лиственными и хвойными деревьями, как на равнинах, так и в горах. Обильно растёт по всей Европе, Азии и Северной Америке. Часто плодоносит большими группами.
Начинает плодоносить с июля, при тёплой весне — даже с июня, до осени.
Ряд зарубежных источников безоговорочно относит Валуй к несъедобным и даже ядовитым видам. Так, например, итальянский источник: «Во всех смыслах его следует рассматривать как ядовитую сыроежку, хотя неприятный запах почти автоматически отпугивает.» На территории бывшего СССР валуй считается вполне съедобным грибом, если уметь его приготовить. За Уралом Валуёв заготавливают огромными бочками, в основном их солят.";Подвалуй;https://drive.google.com/open?id=1Sm7dEJhllo2ACc6-PheomGGgSddVbKTX
12.11.2023 16:40:51;Шампиньон лесной;Благушка;Шампиньоновые;Нет;Да;10;15;С юбкой;Грязно-белый, беловато-коричневатый;Выпуклая;Светло-рыжевато-коричневый, охристый, красновато-коричневый;Пластинчатая;"Со второй половины лета, активно — с августа и до середины осени, при теплой погоде вплоть до конца ноября. Одиночно или группами, иногда образует «ведьмины круги».
Гриб широко распространён по всей территории Европы, включая Англию и Ирландию, в Азии. Хороший съедобный гриб, особенно в молодом возрасте";Шампиньон августовский;https://drive.google.com/open?id=1yk3VQFh-XZfrQczZUy4RwxSx34GXIlkp
12.11.2023 16:45:08;Зонтик белый;Зонтик полевой, Зонтик луговой;Шампиньоновые;Нет;Да;6;12;С юбкой;Белый, желтоватый, буроватый;Выпуклая;Беловатый, кремовый, бурый;Пластинчатая;Съедобный гриб с приятным вкусом и запахом. Растет он в лесах, на лугах и в степях с мая по ноябрь, достигая особенно крупных размеров на гумусных степных почвах. За обильное плодоношение на лугах и в степях его называют иногда гриб-зонтик луговой.;Зонтик пестрый, Мухомор вонючий, Лепиота ядовитая;https://drive.google.com/open?id=1vlxFFGxE-Ml59YsOaucbDGEGj2IC8Rtw
12.11.2023 16:48:31;Рядовка голубиная;Рядовка сизоватая;Рядовковые;Нет;Да;10;20;Утолщенная внизу;Белый, желтоватый;Ровная;Белый, желтоватый;Пластинчатая;"Рядовка голубиная произрастает поодиночке или не небольшими группами с середины августа до конца сентября в лесах смешанного типа. Любит селиться по соседству с дубом и березой. Грибниками замечены случаи ее роста не только в лесу, но и на лугах и пастбищах.
Рядовка голубиная является съедобной, применяется в большом разнообразии приготавливаемых блюд.";;https://drive.google.com/open?id=1K5bt7zr17BAzfGqv1YprQE2VmHS0YIZ5
12.11.2023 16:51:44;Паутинник съедобный;Толстушка;Паутинниковые;Нет;Да;15;20;Ровная;Беловато-буроватый;Выпуклая;Беловато-сероватый, глинистый;Пластинчатая;"Распространен в европейской части России, в лесах Белорусии. Поселяется в хвойных лесах.
Паутинник съедобный употребляется в пищу в жареном виде или в соленом.";Паутинник многообразный;https://drive.google.com/open?id=1mOe61UWo-dshnxGhmq2OGAm7MFsCfMW4
12.11.2023 16:55:16;Белый гриб сетчатый;Белый гриб дубовый, Боровик сетчатый, Белый летний гриб;Болетовые;Да;Да;20;100;Утолщенная внизу;Беловатый, бежевый, светло-коричневый;Выпуклая; Светло-коричневый, коричневый, охристый;Трубчатая;"Один из самых ранних видов белых грибов. Период плодоношения на территории стран СНГ с мая по октябрь, слоями. Растёт в лиственных и смешанных лесах. Образует микоризу с дубом, липой, буком, каштаном, орешником, грабом. Предпочитает теплый климат, чаще встречается в гористой и холмистой местностях, в средней полосе – светлые опушки и разреженные места, растёт на суховатых щелочных почвах.
Превосходный съедобный гриб 1-й категории, ценится наравне с настоящим Белым грибом. Может подвергаться любым видам переработки.";Жёлчный гриб, Дубовик обыкновенный;https://drive.google.com/open?id=1li6gGKzBGcd1OI6k3NiqVxXnrWMvc2Rs
3.20.2024 17:52:20;Сыроежка Мэйра;Сыроежка заметная;Сыроежковые;Нет;Да;10;20;Ровная;Белый, буроватый, желтоватый;Ровная;Насыщенно-красный, красновато-розовый;Пластинчатая;"Сыроежки Мэйра широко распространены по всей территории Южной Европы. Встретить этот вид можно исключительно в лиственных буковых лесах.
Сыроежка Мэйра считается слабо ядовитым, несъедобным грибом. Имеет горьковатый привкус мякоти. При употреблении в сыром виде может спровоцировать не сильное отравление желудочно-кишечного тракта.";Сыроежка жгучеедкая, Сыроежка розовая;https://drive.google.com/open?id=1ZWB-w3Gi13-FHc5WgEMzNJR5169mjtvg
3.20.2024 17:55:32;Ежовик коралловидный;Коралловый гриб, Ежевик решетчатовидный, Гериций ветвистый, Гериций коралловидный, Гериций коралловый, Гериций решетчатовидный;Герициевые;Да;Нет;;;;;Выпуклая;Белый, кремовый;Шипастая;"Растет ежовик коралловидный с начала июля до середины сентября на пнях и валеже лиственных пород (осины, дуба, чаще березы), единично, очень редко. Ежовик коралловидный — гриб редкий или даже очень редкий.
Считается съедобным грибом.";;https://drive.google.com/open?id=1A47iF8pE7gfE9hk0iw7uSkjX8IMVrTKN
3.20.2024 17:58:40;Рядовка скученная;Лиофиллум скученный, Рядовка групповая;Лиофилловые;Нет;Да;5;15;Утолщенная внизу; Белый, коричневатый;Выпуклая;Серо-коричневый;Пластинчатая;"Поздний гриб; встречается с конца августа до конца октября в лесах различного типа, предпочитая специфические участки вроде лесных дорог, прореженных опушек; иногда попадается в парках, на лугах, в разнотравье. В большинстве случаев плодоносит крупными сростками.
Рядовка скученная считается низкокачественным съедобным грибом..";Рядовка сросшаяся, Опёнок луговой;https://drive.google.com/open?id=1RE_p807LqiHKJnhCaFHcbBsX1g7NZKbZ
3.20.2024 18:01:34; Млечник дубовый;Млечник нейтральный, Груздь дубовый, Млечник спокойный, Поддубник, Подорешник;Сыроежковые;Нет;Да;5;10;Ровная;Коричнево-кремовый, коричневый;Ровная;Коричнево-кремовый;Пластинчатая;"Млечник дубовый встречается часто и обильно с июня по октябрь, предпочитая леса с примесью дуба.
Дубовый млечник, в принципе, съедобен, хотя не всем понравится специфический запах.";;https://drive.google.com/open?id=1DkLMnGxq4XWzEr-xIUdnG2sEaOgM-hdX
3.20.2024 18:07:54;Опёнок кирпично-красный;Гифолома кирпично-красная, Ложноопёнок кирпично-красный;Строфариевые;Полусъедобен;Да;10;20;Ровная;Беловатый, светло-охристый, коричневатый, светло-коричневый, ржаво-коричневый, красноватый, желтоватый;Выпуклая;Кирпично-красный, розовато-охристый, розоватый, ярко-красный;Пластинчатая;"Ложноопёнок кирпично-красный широко распространён в Европе, Азии, Америке.
Плодоносит с лета (конец июня-июль) и до осени, ноябрь-декабрь, вплоть до заморозков. Растёт группами и сростками на отмершей, гнилой, редко — живой древесине (на пнях и около пней, на крупном валеже, погружённых в землю отмерших корнях) лиственных пород, предпочитает дуб, встречается на берёзе, клёне, тополе, плодовых деревьях. 
Разные источники указывают очень разные данные о вкусе, от «мягкий», «немного горьковатый» до «горький». Часть русскоязычных источников относят кирпично-красного опёнка к несъедобным грибам или к условно-съедобным 4 категории.";Ложноопёнок серно-жёлтый;https://drive.google.com/open?id=19iXudnfDiPmehBNGaiehJjWG971TgDnJ
3.20.2024 18:10:32;Грабовик;Подберёзовик серый, Подберёзовик вязовый, Обабок серый;Болетовые;Нет;Да;15;40;Утолщенная внизу;Оливково-серый, буроватый, бурый;Выпуклая;Оливково-бурый, коричнево-серый;Трубчатая;"В основном Грабовик встречается в районах Кавказа. Плодоносит гриб с июня по октябрь. Как правило, произрастает под грабом, отсюда и название – Грабовик.
Съедобность: Грабовик хороший гриб, годный для употребления в сушеном, отварном, маринованном, соленом и жареном виде. Правда, его часто могут повреждать личинки.";Подберезовик;https://drive.google.com/open?id=1I3N6nWiR_iIx8sURCoJlvba8Y7VxrcR3
3.20.2024 21:13:23;Весёлка обыкновенная;Фаллюс нескромный, Сморчок вонючий, Сморчок подагрический, Выскочка, Яйцо ведьм, Срамотник;Весёлковые;Нет;Да;15;30;Утолщенная внизу;Грязно-белый, желтоватый;Выпуклая;Буро-оливковый;Лабиринтовидная;"Веселка имеет две стадии развития. Первая — гриб имеет яйцевидную форму, цвет грязно-белый, желтоватый. Под плотной кожурой веселки находится что-то слизистое, а под слизью прощупывается более жесткая структура. В стадии яйца веселка пребывает очень долго, возможно, несколько недель. Затем яйцо трескается, и веселка начинает с большой скоростью расти вверх. Вскоре формируется плодовое тело с высокой полой ножкой и маленькой прилегающей шляпкой
«Яйца» веселки появляются в середине июля; шляпочнообразные плодовые тела развиваются несколько позже. Растет в траве, в кустарниках, в лиственном редколесье. Предпочитает богатые почвы.
Считается, что в стадии яйца гриб съедобен; любителей, надо полагать, находится немного. Вместе с тем надо отметить, что веселка активно применяется в народной медицине.";Ложнодождевик;https://drive.google.com/open?id=1CgKawPEQXRB80P-yPCDNrjp_HnR818tB
3.20.2024 21:17:27;Рядовка пятнистая;Рядовка крапчатая, Рядовка погубленная, Рядовка волнисто-ножковая;Рядовковые;Нет;Да;20;30;Ровная;Белый, грязно-белый, желтоватый;Выпуклая;Красно-коричневый;Пластинчатая;"Пятнистые рядовки (Tricholoma pessundatum) грибники встречают на своём пути не часто. Период их активного плодоношения начинается в сентябре, а завершается – во второй половине октября. Этот вид рядовок предпочитает произрастать на кислых почвах, в ельниках, посреди сосновых песчаных боров. Чаще всего пятнистые рядовки встречаются в смешанных или хвойных лесах.
Гриб рядовка пятнистая ядовит и не пригоден для употребления в пищу. И хотя уровень токсических веществ в плодовых телах этой рядовки невелик, при попадании в человеческий организм гриб часто вызывает расстройства желудочно-кишечного тракта и отравления.";Тополевая рядовка;https://drive.google.com/open?id=1_QHQctErc6GHtRxuNBFpWPoqUVGosKFN
3.20.2024 21:22:33;Серушка;Млечник извилистый, Серая дуплянка, Груздь серо-лиловатый, Серый млечник, Серянка, Подорешница, Подорожница, Путик;Сыроежковые;Нет;Да;8;30;Утолщенная вверху;Беловато-кремовый, светло-розовый, серый;Ровная;Серый, лилово-серый, коричневато-серый, серо-фиолетовый, серо-розовый, свинцовый, розовато-коричневый, серо-коричневый;Пластинчатая;"Плодоносит с июля по октябрь, пик урожайности обычно приходится на сентябрь, хотя это сильно зависит от каждого региона и погодных условий, перед заморозками пропадает. Образует микоризу с берёзой и осиной. Растёт в берёзовых, осиновых и смешанных с ними лесах и парках, под орешником, по опушкам, на открытых поросших травой участках леса, вдоль лесных дорог и тропинок, на песчаных и суглинистых почвах, во влажных и заболоченных местах, в низинах. Предпочитает богатые, хорошо увлажнённые почвы. Встречается одиночно и группами, часто, иногда, особенно после дождей, очень обильно. 
Условно-съедобный гриб 3-й категории. Как и для большинства Млечников из-за горького жгуче-едкого вкуса необходимо предварительное отмачивание или отваривание. ";Млечник обыкновенный, Млечник блёклый, Млечник беззоновый, Млечник ароматный;https://drive.google.com/open?id=1-lggs3cixOx89rzAk1HrS8rkByF0KFrN
3.20.2024 21:26:58;Мухомор пантерный;Мухомор серый;Аманитовые;Нет;Да;5;15;С юбкой;Белый, желтоватый;Выпуклая;Серо-коричневый, оливково-серый, буроватый, белый, светло-бурый, коричневатый, оливково-грязный, сероватый;Пластинчатая;"Гриб смертельно ядовит.
Некоторые источники даже утверждают, что Мухомор пантерный опаснее, чем Бледная Поганка.";Мухомор серо-розовый;https://drive.google.com/open?id=1LscaDUHVUlcy_NE1zSHhFmbbSDXpUUWc
3.22.2024 15:51:26;Боровик коренящийся;Боровик коренастый, Болет глубокоукореняющийся, Боровик беловатый;Болетовые;Нет;Да;30;50;Утолщенная внизу;Лимонно-желтый, коричнево-оливковый, голубовато-зеленый;Выпуклая;Беловатый, серый, светло-палевый, зеленоватый;Трубчатая;"Боровик коренящийся распространен в Европе, Северной Америке, Северной Африке, хотя везде встречается не часто. Теплолюбивый вид, предпочитает лиственные леса, хотя встречается в смешанных, чаще образует микоризу с дубом и березой. Встречается редко, с лета до осени.
Боровик коренящийся несъедобен из-за горького вкуса, но не считается ядовитым.";Сатанинский гриб, Болет красивый;https://drive.google.com/open?id=1vwGJGYAYGkF8V9k44V6sxyZBRoTFB49o
3.22.2024 15:55:01;Груздь перечный;;Сыроежковые;Нет;Да;12;30;Утолщенная вверху;Белый;Выпуклая;Кремово-белый;Пластинчатая;"Груздь перечный  — микоризообразователь со многими деревьями. Часто встречающийся гриб. Произрастает рядами или кругами в сырых и затенённых лиственных и смешанных лесах, гораздо реже в хвойных. Предпочитает хорошо дренированные глинистые почвы. Встречается в средней полосе, к северу реже.
Сезон лето—осень.
Часто считается несъедобным из-за очень острого вкуса, хотя его можно употреблять как условно-съедобный после тщательной обработки для удаления горечи, идёт только в засол.";Скрипица, Груздь осиновый, Груздь сизоватый;https://drive.google.com/open?id=1BBrrrc_Ycj8xTtnaiTIrpmCMN8OlXSEy
3.22.2024 15:58:58;Моховик пёстрый;Моховик жёлтомясый, Моховик трещиноватый, Боровик пастбищный;Болетовые;Нет;Да;10;15;Ровная;Желто-бурый, светло-желтый, красноватый;Выпуклая;Светло-бурый, темно-коричневый, краснгватый;Трубчатая;Съедобный гриб, четвертой категории, собирают в июле — октябре. Молодые грибы годятся для жаренья и маринования. Пригоден для сушки.;;https://drive.google.com/open?id=1ENPjxp09oOCQXu5BJBNyv9-VPzWNmKWP
3.22.2024 16:02:15;Саркосцифа алая;Саркосцифа ярко-красная, Саркосцифа киноварно-красная, Пецица красная, Алая эльфова чаша;Саркосцифовые;Нет;Да;2;5;Утолщенная вверху;Ярко-красный;Вогнутая;Ярко-красный;Гладкая;"Встречается группами ранней весной (иногда в феврале), после таянья снега, на сухих веточках, погребенной древесине и других растительных остатках.
В большинстве справочников по грибоводству написано, что саркосцифа алая принадлежит к категории съедобных грибов. Гриб не ядовит, и это означает, что получить серьёзное отравление при употреблении описываемого вида в пищу вряд ли получится. Однако грибная мякоть очень жёсткая, да и внешний вид саркосцифы алой не слишком аппетитен.";Саркосцифа австрийская;https://drive.google.com/open?id=1AcroTSR8PxZ29PfoiAWuEGA-RafLZUZZ
3.22.2024 16:12:25;Лисичка трубковидная;Лисичка трубчатая, Лисичка ворончатая, Лисичка воронковидная;Лисичковые;Нет;Да;3;8;Ровная;Желтоватый, светло-коричневый;Ровная;Тускло-желтовато-бурый;Пластинчатая;"Период обильного плодоношения начинается в конце августа, и продолжается до конца октября. Этот гриб предпочитает обитать в смешанных и хвойных лесах, большими группами (колониями). Хорошо себя чувствует на кислых почвах в лесу.
Приравнивается к Лисичке настоящей, хотя гастроному едва ли принесет столько радости, а эстету не скоро еще наскучит до такой же степени. Как и все лисички, употребляется преимущественно в свежем виде, не требует подготовительных процедур вроде отваривания, а также, по сообщениям литераторов, не полнится червями.";Желтеющая лисичка, Лисичка обыкновенная;https://drive.google.com/open?id=1URZGcYjxYgEz-LCkuS5u6EX5Y79qaPLy
3.22.2024 16:26:13;Рядовка жёлто-бурая;Рядовка бурая, Рядовка буро-жёлтая, Рядовка жёлто-коричневая, Рядовка красно-бурая;Рядовковые;Нет;Да;5;15;Ровная;Буро-желтый, коричневатый;Выпуклая;Буро-желтый, красноватый;Пластинчатая;"Встречается в основном в лиственных и смешанных лесах, но есть случаи произрастания и в хвойниках. Предпочитает исключительно березу, является микоризообразователем.
Рядовка бурая является съедобным грибом, но по отзывам грибников – невкусная.";Рядовка тополевая, Рядовка бело-коричневая;https://drive.google.com/open?id=1GBDQAn6UHUBkLIOnh0uieVVTCayl1-1D
3.23.2024 3:47:02;Зонтик краснеющий;Зонтик лохматый, Курятник;Шампиньоновые;Нет;Да;10;20;С юбкой;Серо-коричневый;Выпуклая;Коричневатый, буроватый, бурый;Пластинчатая;"Зонтик краснеющий растет с июля до конца октября в хвойных и смешанных лесах, часто соседствует с муравейниками, растёт на полянах и лужайках. В период обильного плодоношения (обычно конец августа) может расти очень большими группами. Может обильно плодоносить и в октябре-ноябре.
Хлорофиллум краснеющий — съедобный гриб. Обычно собирают только полностью раскрытые шляпки.";Хлорофиллум Оливье, Хлорофиллум тёмно-бурый, Зонтик пёстрый;https://drive.google.com/open?id=1XQxmixa7kaVlQ4q-I1uhuWCECEjLnVsB
3.23.2024 3:49:51;Лисичка черная;Ворончик воронковидный, Вороночник рожковидный;Лисичковые;Нет;Да;5;10;Утолщенная вверху;Серый, коричневатый, черно-бурый;Вогнутая;Коричнево-черный, черный, коричневатый, серо-бурый;Гладкая;"Лисичка черная растет с июля до последней декады сентября (массово с середины августа до середины сентября) в лиственных и смешанных лесах, во влажных местах, у дорог, группой-сростком и колонией, не часто.
Съедобный гриб (4 категории), используются только шляпки (ножки жестко-резинистые)."; Вороночник извилистый;https://drive.google.com/open?id=1lQ3WhTnqbms943Um7fboYCRzJZ5rlEAC
3.23.2024 3:53:44;Трутовик окаймлённый;Древесная губка, Сосновый трутовик;Фомитопсисовые;Нет;Нет;;;;;Ровная;Красный, темно-коричневато-красный, коричневый, черный, белый, желтый;Трубчатая;"Окаймлённые трутовики относят к сапрофитам, провоцирует развитие бурой гнили. Встречается во многих регионах, но наиболее часто – на территории Европы и России.Трутовик окаймлённый успешно растёт на валежнике и сухостое не только хвойных, но и лиственных деревьев, на пнях. 
Съедобен. Используется для создания ароматизированных приправ со вкусом грибов. Является сырьём для гомеопатических лекарств. Успешно применяется в китайской народной медицине.";;https://drive.google.com/open?id=1546rAM7EtsoMGNLSDceowc228bHhrKeJ
3.23.2024 3:59:38;Говорушка ворончатая;Говорушка душистая, Говорушка пахучая, Воронка;Рядовковые;Нет;Да;5;10;Утолщенная вверху;Палевый, серовато-желтый;Вогнутая;Палевый, серовато-желтый;Пластинчатая;"Говорушка ворончатая встречается с середины июля до конца сентября в лесах различного типа, вдоль дорог, нередко большими группами. Характерный признак: растет в подстилке, очень неглубоко.
В молодом возрасте гриб съедобен.";Говорушка беловатая;https://drive.google.com/open?id=1eVFO1ByJH2XmS0Xr6l4ggPbEAhUn60Y-
3.24.2024 0:29:18;Рядовка тигровая;Рядовка ядовитая, Рядовка леопардовая;Рядовковые;Нет;Да;8;12;Ровная;Беловатый, зеленоватый, желтоватый;Выпуклая;Грязно-белый, серовато-белый, светло-серебристо-серый, черновато-серый,  синеватый;Пластинчатая;"Растёт на почве с августа по октябрь в хвойных и смешанных с хвойными, реже лиственных (с присутствием бука и дуба) лесах, на опушках. Предпочитает известковые почвы. Плодовые тела появляются как одиночно, так и небольшими группами, может образовывать «ведьмины круги», может расти небольшими «сростками». Гриб распространён во всей умеренной зоне Северного полушария, но довольно редок.
Гриб ядовит, часто указывается как смертельно ядовитый.
По данным токсикологических исследований, токсическое вещество точно не установлено.";Рядовка землисто-серая;https://drive.google.com/open?id=1_4sPnt3_4hmxwdZoeczZVExXPWH5JJZN
3.24.2024 0:48:42;Гимнопил Юноны;;Гименогастровые;Нет;Да;15;30;С юбкой;Оранжево-желтый, жёлтый, грязно-оранжевый, оранжево-коричневый;Выпуклая;Оранжево-желтый, жёлтый, грязно-оранжевый, оранжево-коричневый;Пластинчатая;"Гимнопил Юноны плодоносит с середины лета и до середины-конца осени.
Широко распространен на всех континентах: в Северной и Южной Америке, Европе, Азии. Сапрофит на гниющей древесине лиственных и (реже) хвойных пород. Может расти и на живой, ослабленной древесине. Обычно плодовые тела растут большими сростками, «гроздьями», часто в таком сростке может быть более двух десятков плодовых тел.
Относится к несъедобным неядовитым грибам.";Феолепиота золотистая, Псатирелла бархатистая;https://drive.google.com/open?id=16QP-qR7r-oeIAAaIZhF4I0Mls0ImnmrU
3.24.2024 0:52:38;Строчок обыкновенный;;Дисциновые;Нет;Да;20;40;Ровная;Беловатый, сероватый, желтоватый, красноватый;Выпуклая;Каштаново-коричневый, темно-коричневый, красноватый;Гладкая;"Встречается довольно редко, на песчаной незадерненной почве, на опушках леса, на вырубках, на обочинах дорог, тропинок, краях канав. Плодоносит с марта по май.
Строчок обыкновенный — смертельно ядовитый гриб.";Сморчок;https://drive.google.com/open?id=1RqGLdRgMgbKzJqax0qjHYmiLWSrZhYtg
3.24.2024 0:56:32;Говорушка налиственная;Говорушка восковатая, Говорушка листолюбивая, Говорушка восковидная, Говорушка сероватая;Рядовковые;Нет;Да;10;20;Ровная;Белый, грязновато-охряный;Ровная;Белый, телесный, коричневатый, охряный;Пластинчатая;"Говорушка налиственная растёт в лесах, чаще на лиственном опаде, иногда на хвойном (ель, сосна), группами. Сезон активного плодоношения с сентября до поздней осени. Это распространённый в северной умеренной зоне вид, он встречается в материковой Европе, Великобритании и Северной Америке.
Говорушка налиственная ядовита (содержит мускарин).";Говорушка блюдцевидная, Говорушка подогнутая;https://drive.google.com/open?id=1iziacHdjKnhaqwsoL3ZXjK1EndnkUg62
3.24.2024 1:02:26;Рядовка бело-коричневая;Рядовка бело-бурая;Рядовковые;Нет;Да;7;20;Ровная;Белый, коричневый, бурый, красновато-бурый;Ровная;Светло-коричневый, коричневый, каштаново-бурый, красноватый;Пластинчатая;"Рядовка бело-коричневая растет с августа и по октябрь, бывает замечена и в ноябре, преимущественно в хвойных (особенно, сухих сосновых), реже в смешанных (с преобладанием сосны) лесах. Образует микоризу с сосной. Растет группами, нередко большими (одиночно – редко), часто правильными рядами. Имеет очень широкий ареал распространения, встречается практически на всей территории Евразии, где имеются хвойные леса.
Рядовка бело-коричневая относится к условно-съедобным грибам, используется после отваривания в течение 15 минут, универсального применения. Однако, в некоторых источниках, особенно зарубежных, она причислена к несъедобным грибам, а в некоторых – к съедобным, без приставки «условно-».";Рядовка чешуйчатая, Рядовка желто-бурая, Рядовка надломленная, Рядовка золотистая;https://drive.google.com/open?id=1TbYO0ywP_sxCj3IsJohOVOOwSGAZKv7Y
3.24.2024 1:05:54;Свинушка толстая;;Тапинелловые;Нет;Да;10;40;Ровная;Бурый, темно-коричневый;Вогнутая;Коричневый, оливково-бурый;Пластинчатая;"Свинушка толстая (Tapinella atrotomentosa) встречается не часто. Гриб начинает плодоношение с июля и растет до глубокой осени небольшими группами или в одиночку. Произрастает на корнях, пнях или на земле. Предпочитает хвойные деревья, а иногда и лиственные.
О съедобности свинушки информация отсутствует, так, как до конца неизвестно, является ли он ядовитым, как и свинушка тонкая. К тому же мякоть толстой свинушки жесткая и горькая, что делает этот гриб несъедобным."; Польский гриб, Зеленый моховик;https://drive.google.com/open?id=1P9xzOdftZev7MAcqCdPo2QypnsU9_sB2
3.24.2024 1:09:06;Маслёнок зернистый;Маслёнок летний, Маслёнок ранний;Маслёнковые;Нет;Да;10;20;Ровная;Светло-серо-желтый, желтый;Выпуклая;Красноватый, коричневато-бурый, желтоватый, желто-охряный;Трубчатая;"Растет группами в сосновых лесах, где невысокая трава. Особенно много в сосновых лесах Кавказа.
Съедобный гриб, второй категории. Собирают с июня по сентябрь, а в Южных районах и Краснодарском крае — с мая по ноябрь. Употребляют свежим, маринованным и соленым. ";Маслёнок настоящий;https://drive.google.com/open?id=1vtLqCbCZDe5J2vTwFqzwUTWZcFs62UKI
3.24.2024 1:14:12;Плютей олений;Олений гриб, Плютей бурый, Плютей тёмно—волокнистый;Плютеевые;Нет;Да;5;15;Ровная;Беловатый, грязно-белый, розоватый;Выпуклая;Бледно-коричневый, коричневый, серовато-коричневый, каштаново-коричневый, оливковый, серый, беловатый, коричневатый;Пластинчатая;"Плютей олений растёт с весны и до поздней осени на древесине разных типов, одиночно, группами или небольшими сростками. Предпочитает лиственные, но может расти и в хвойных лесах. Растёт на валежной и погружённой в землю древесине, на пнях и возле них, может расти и у основания живых деревьев.
Разные источники указывают разную информациюя: от несъедобного до съедобного, с рекомендацией отваривать непременно, не менее 20 минут.";Плютей Поузара, Коллибия широкопластинчатая, Плютей тёмнокрайний;https://drive.google.com/open?id=1FA3OCQDVUjMOPPGjJOKaL8ki0EZv8d_F
3.24.2024 1:18:45;Трутовик чешуйчатый;Пестрец;Полипоровые;Нет;Да;10;40;Утолщенная вверху;Буроватый, светло-желтый;Ровная;Темно-бурый, желтоватый;Гладкая;"Встречается Трутовик чешуйчатый на живых и ослабленных деревьях в парках и широколиственных лесах. Произрастает группами или одиночно. Плодоносит с мая и до конца лета. Предпочитает леса южных районов. В средней полосе практически не встречается.
Молодой Трутовик употребляется в пищу свежим, после предварительного отваривания. Так же можно есть маринованным и соленым. Съедобный гриб четвертой категории. Старые грибы в пищу не употребляются, так как становятся очень жесткими";;https://drive.google.com/open?id=1agNNB1aSia7adD_QNyA7BC4PDYVS-z8l
3.24.2024 1:21:54;Печёночница обыкновенная;Печёночный гриб, Трутовик печёночный;Печёночницевые;Нет;Да;10;40;Утолщенная вверху;Беловатый, печеночно-красный, красновато-оранжевый, коричневато-красный;Ровная;Печеночно-красный, красновато-оранжевый, коричневато-красный;Трубчатая;"Плодовые тела однолетние. Печёночница растет в одиночку или небольшими группами у основания деревьев и на пеньках, с начала лета и до середины осени. Иногда можно встретить печёночницу, растущую как будто из земли, но если раскопать основание стебля, там непременно найдётся толстый корень. Широко распространена на всех континентах, где есть дубовые леса.
Печёночница съедобна. Слишком взрослые, переросшие грибы могут иметь чуть больше кисловатого привкуса.";;https://drive.google.com/open?id=1wDB9Sctg86ssjvU5WTUbTGL2kp2kEFZK
3.24.2024 2:37:17;Опенок толстоногий;Опенок луковицеобразный;Физалакриевые;Нет;Да;5;20;Утолщенная внизу;Серовато-желтый, беловатый;Выпуклая;Серовато-желтый;Пластинчатая;"Опенок толстоногий растет с августа по октябрь (иногда попадается и в июле) на гниющих остатков деревьев, а также на почве (особенно на еловой подстилке). Эта разновидность, как правило, не поражает живые деревья, да и плодоносит не слоями, а постоянно (правда, не настолько обильно). На почве растет большими группами, но в крупные пучки, как правило, не срастается.
Один из самых популярных грибов, заготавливаемый в промышленных масштабах. ";Опёнок осенний;https://drive.google.com/open?id=1g8wUqVH2ZMf6mZTy47K1XYJ-aHPBkdtt
3.24.2024 2:40:13;Млечник камфорный;Груздь камфорный;Сыроежковые;Нет;Да;5;15;Ровная;Темно-красный, коричневатый;Ровная;Темно-красный, коричневый;Пластинчатая;"Сезон: с июля по конец сентября. Гриб имеет очень сильный специфический запах, а потому спутать его с другими видами данного семейства достаточно сложно.
Млечник камфорный относится к съедобным видам грибов, но его вкусовые качества низкие. В пищу употребляют (варят, солят).";;https://drive.google.com/open?id=1vCgiffo8MGHPA_a8re6l054FPfwSEumF
3.24.2024 2:43:30;Серная голова;;Гименогастровые;Нет;Да;3;6;Утолщенная внизу;Белый, янтарный, голубоватый;Ровная; Желтый, каштановый;Пластинчатая;"Время сбора: Август — конец декабря.
Растет по отдельности или небольшими группами, на упавших деревьях, бревнах и в сырой траве.
Относится к активным несъедобным грибам.";;https://drive.google.com/open?id=1Udl-zeo-j3tMB9TRmHUNcLc-CXzUj3jU
3.24.2024 2:46:36;Боровик золотистый;Боровик вересковый;Болетовые;Нет;Да;10;20;Утолщенная внизу;Жёлтый, красноватый, коричневый, коричневато-желтоватый, красноватый;Выпуклая;Красновато-коричневый, пурпурно-коричневый, коричневый;Трубчатая;"Растут одиночно или небольшими группами, летом и осенью. В Европе этот гриб встречается очень редко. Основной регион золотистого боровика — это Северная Америка (США, Мексика, Канада), Тайвань. В Европе золотистый боровик встречается в основном в Литве. Есть сообщения, что золотистый боровик находили в Калининградской и в Ленинградской областях.
Съедобный гриб. Литовские грибники утверждают, что по вкусу золотистые боровики уступают обычным литовским боровикам, но привлекают тем, что они редко бывают червивыми и растут в доступных местах.";;https://drive.google.com/open?id=1EkzpYxMSdxoc7ywVrUxNoCKG7l4gWIH6
3.24.2024 2:50:01; Рядовка заостренная;Рядовка мышиная, Рядовка полосатая, Рядовка жгуче-острая;Рядовковые;Нет;Да;15;20;Утолщенная внизу;Беловатый, сероватый;Выпуклая;Пепельно-серый, темно-серый;Пластинчатая;"Растёт во влажных лиственных и хвойных лесах. Встречается часто в сентябре — октябре.
Гриб ядовит."; Рядовка землисто-серая;https://drive.google.com/open?id=1IQa3iT86E3Jr2MuYJU5MYyTWpYW5XEsg
3.24.2024 2:54:55;Подгруздок чернеющий;Сыроежка чернеющая;Сыроежковые;Нет;Да;10;25;Утолщенная вверху;Беловатый, грязновато-коричневый;Вогнутая;Беловатый, грязно-сероватый, коричневый, буроватый, оливковый;Пластинчатая;"Подгруздок чернеющий образует с твердыми породами деревьев грибницу. Растет в лиственных, смешанных лесах. Также гриб часто можно увидеть в еловых и широколиственных лесах. Излюбленное место распространения – умеренная полоса, а также регион Западной Сибири. Гриб не редок и на территории Западной Европы.
Начинает плодоносить с середины лета, и завершается этот период вплоть до зимы.
Подгруздок чернеющий относится к грибам четвертой категории. Его можно употреблять свежим (после того, как тщательно отварить не менее 20 минут), а также соленым.";Подгруздок бело-черный, Подгруздок частопластинчатый;https://drive.google.com/open?id=1WzW4KPJXs_uDp9407GsDjbOV8Mc8H_xP
3.24.2024 2:58:30;Коллибия широкопластинчатая;Мегаколлибия широкопластинковая, Удемансиелла широкопластинковая, Денежка широкопластинчатая;Негниючниковые;Нет;Да;5;30;Утолщенная внизу;Серый, грязно-белый, бурый;Выпуклая;Серый, коричневатый;Пластинчатая;"Коллибия широкопластинчатая плодоносит с конца мая и встречается до окончания сентября. Наиболее урожайным является первый весенний слой. Предпочитает перегнившие пни лиственных деревьев и лесной опад.
Некоторые источники указывают гриб Коллибия широкопластинчатая, как условно-съедобный, другие, относят его к съедобным.";Плютей олений;https://drive.google.com/open?id=1okUCYMncfikfdzHuJul5VVDzzLmcA0vI
3.24.2024 3:07:49;Псилоцибе кубенсис;Сан-Исидро, Псилоцибе кубинская;Гименогастровые;Нет;Да;4;10;С юбкой;Белый, голубоватый;Выпуклая;Бледно-желтоватый, коричневатый;Пластинчатая;"Растет на юге США, в Центральной Америке, субтропических регионы, на навозе. В РФ выращивается искусственно в домашних условиях на субстрате культуры.
Согласно перечню наркотических средств, плодовые тела любого вида грибов, содержащих псилоцибин и (или) псилоцин считаются наркотическим средством и запрещены к обороту на территории Российской Федерации. Сбор, употребление и реализация плодовых тел Psilocybe cubensis запрещены и в других странах.";;https://drive.google.com/open?id=1IM9gvw6_FoaGlt8HGtR3nPc75o55QtKF
3.24.2024 3:11:00;Белый гриб берёзовый;;Болетовые;Нет;Да;20;40;Утолщенная внизу;Беловато-коричневый;Выпуклая;Беловато-охряный, светло-желтый, беловатый;Трубчатая;"Чаще всего его можно найти вдоль дорог и на опушках. Наибольшее распространение белый гриб березовый приобрел в Мурманской области, встречается также в Западной и Восточной Сибири, на Дальнем Востоке, Западной Европе. Произрастает гриб местами довольно обильно и встречается часто, причем как группами, так и одиночно. Сезоном для белого гриба березового является период с июня по октябрь.
Белый гриб березовый является съедобным грибом. Его пищевые качества ценятся так же, как и белого гриба.
";Желчный гриб;https://drive.google.com/open?id=18mIIbaj3ONmKY0-dZcoRd1xq3IE0-pJn
3.24.2024 3:39:11;Гигрофор поздний;Гигрофор бурый, Мокрица, Сластена;Гигрофоровые;Нет;Да;5;10;Ровная;Желтоватый;Вогнутая;Желто-коричневый, оливковый;Пластинчатая;"Гигрофор поздний встречается с середины сентября и до глубокой осени, не боясь заморозков и первого снега, в хвойных и смешанных лесах, соседствуя с сосной. Часто растет во мхах, скрываясь в них по самую шляпку; в удачное время может плодоносить большими группами.
Гигрофор бурый — вполне съедобный, невзирая на маленькие размеры, гриб;
особое время плодоношения придает ему большую ценность в глазах заготовителей.";Гигрофор бело-оливковый;https://drive.google.com/open?id=1-jn0Yf3zjBZV4hcZmyMvjHMHoUwOdwaK
3.24.2024 5:37:18;Ложнодождевик обыкновенный;Дождевик ложный, Ложный дождевик, Ложнодождевик оранжевый, Ложнодождевик лимонный;Ложнодождевиковые;Нет;Нет;;;;;Выпуклая;Грязно-желтый, буроватый;Гладкая;"Ложнодождевик обыкновенный растёт в лиственных и хвойных лесах, вдоль дорог, по опушкам, на глинистой и суглинистой почве в августе — сентябре.
Ложнодождевик обыкновенный — Несьедобный, но только в больших дозах.";;https://drive.google.com/open?id=1FjijltRpG7Nb1Rs12vdX0sF5TYd75KTW
3.24.2024 5:40:12;Груздь желтый;Подгруздь жёлтый, Гриб подскрёбыш, Волнуха жёлтая, Груздь ямчатый;Сыроежковые;Нет;Да;10;35;Ровная;Белый, буроватый;Выпуклая;Золотисто-желтый;Пластинчатая;"Растет в северной части лесной зоны и в Сибири, в еловых, пихтовых, иногда в смешанных лесах, предпочитая молодые ельники и сосняки, реже селится в березняках, на глинистой почве. В хвойном лесу груздь желтый растет под елками даже в октябре.
Условно съедобный гриб, первой категории. Собирают в июле — сентябре. Гриб солят, маринуют.";Груздь настоящий;https://drive.google.com/open?id=1VrTFwD3-tsp0Uj2fbTXoHSZQty1_O9ds
3.24.2024 5:42:27;Рядовка фиалковая;Леписта фиалковая;Рядовковые;Нет;Да;10;20;Утолщенная внизу;Беловатый, розовато-кремовый;Выпуклая;Белесый, матовый, розовато-коричневый;Пластинчатая;"Рядовка фиалковая — осенний гриб, встречается в сентябре-октябре одновременно с рядовкой фиолетовой, и нередко в тех же местах, предпочитая прореженные опушки лесов, как хвойных, так и лиственных. Растет рядами, кругами, группами.
Рядовка фиалковая — хороший съедобный гриб, на уровне фиолетовой рядовки.";Белая рядовка;https://drive.google.com/open?id=1A45fUGp9u048F7bqNdrN0XDLA-XqcVcw
3.24.2024 5:45:57;Млечник обыкновенный;Гладыш, Дуплянка жёлтая, Груздь сизый, Ольшанка, Подольховик, Серушка болотная;Сыроежковые;Нет;Да;5;30;Ровная;Бледно-сероватый, бледно-охряный, желтоватый, красноватый;Ровная;Сизо-серый, свинцово-серый, фиолетово-серый, серо-коричневатый, лилово-коричневатый;Пластинчатая;"Вид широко распространён в Северной Америке и Евразии, в лесной зоне умеренного климатического пояса. В России распространён в Европейской части, Сибири, на Урале и Дальнем Востоке. Сезонность с июля по октябрь. Образует микоризу с берёзой, елью и сосной. Растёт во влажных лиственных, смешанных и хвойных лесах, часто во влажных местах, в низинах, по краям сфагновых болот, во мху и траве, в кустарниках и черничниках, на полянах, в зарослях ольхи, вдоль тропинок и лесных дорог.
Условно-съедобный гриб 2-й категории. Традиционно используется для соления и маринования, из-за горького жгуче-едкого вкуса необходимо предварительное отмачивание или отваривание.";Серушка, Млечник блёклый, Млечник беззоновый;https://drive.google.com/open?id=1TniW5r40P-4cmlvBS6E67PV7s3bFFYDj
3.24.2024 5:49:07;Вёшенка лёгочная;Вешенка беловатая, Вешенка весенняя, Вешенка буковая;Вёшенковые;Нет;Да;5;20;Утолщенная вверху;Грязно-белый;Ровная;Беловато-серый, желтоватый;Пластинчатая;"Вешенка легочная растет с мая до октября на гниющей древесине, реже на живых ослабленных деревьях. При хороших условиях появляется большими группами, срастаясь ножками в пучки.
Нормальный съедобный гриб.";Вешенка устричная, Вешенка обильная;https://drive.google.com/open?id=1cHniqmOnzuZXAAHJ4QAscjlZQ7ClKwzK
3.24.2024 5:51:54;Лаковица обыкновенная ;Лаковица розовая, Лаковица лаковая;Гиднангиевые;Нет;Да;1;5;Ровная;Розовый, морковно-красный, желто-рыжий;Ровная;Розовый, морковно-красный, желто-рыжий;Пластинчатая;"Лаковица розовая  повсеместно встречается с июня по октябрь в лесах, на опушках, в парках и садах, избегая лишь чрезмерно сырых, сухих и затемненных мест.
Относится к условно-съедобным грибам.";Лаковица лиловая;https://drive.google.com/open?id=1Dx5MDwKITCVB3Krzs3iKic96AITsT1rk
3.24.2024 5:55:11;Вёшенка степная;Вёшенка королевская, Белый степной гриб, Еринги, Однобочка, Боровик древесный, Королевский трубач;Вёшенковые;Нет;Да;15;20;Утолщенная вверху;Белый, охристо-бурый;Ровная;Красно-коричневый, буроватый, серовато-рыжий, грязно-белый, желтоватый;Пластинчатая;"В России распространён в южных регионах: в пустынно-степных предгорьях Средней Азии, Нижнем Поволжье, причерноморских районах, Кавказе, Крыму. Сезонность с конца марта по июнь и с сентября по январь. Обитает вне леса, на открытых пространствах – полупустынной, горно-степной и сухой степной местности, на лугах, полях, пастбищах, пустошах. 
Превосходный съедобный гриб 3-й категории.";Ложносвинуха рядовковидная;https://drive.google.com/open?id=1aBLLjfcjCJ1eeCQuVr44bwCma7cOJ5ol
3.24.2024 5:57:10;Мухомор белый;Мухомор весенний, Весенняя поганка;Аманитовые;Нет;Да;7;25;С юбкой;Белый;Ровная;Белый;Пластинчатая;"Мухомор белый растёт во влажных хвойных и смешанных лесах в июне — августе. 
Гриб смертельно ядовит.";Белый поплавок, Вольвариелла красивая;https://drive.google.com/open?id=1iW0QpDPsngCCGxrar1Z8whze1Li-sz5s
3.24.2024 5:58:50;Решёточник красный;Решетчатка, Решетник, Клатрус красный;Весёлковые;Да;Нет;;;;;Выпуклая;Красный, беловатый, желтоватый;Гладкая;"Растет решеточник красный одиночно или гнездами на почве в широколиственных лесах, очень редко в смешанных. Найден однажды в Московской области, изредка встречается в Краснодарском крае. 
Представляет собой несъедобный гриб.";;https://drive.google.com/open?id=1IyVbbX2kBudFuqvbSmWkx2G0nzB3DxVA
3.24.2024 6:02:10;Моховик припорошенный;Болет запылённый, Моховик припудренный;Болетовые;Нет;Да;10;35;Утолщенная внизу;Желтый, красно-коричневый, красно-бурый, ржаво-коричневый, темно-синий, черновато-синий;Выпуклая;Серо-коричневый, серовато-желтоватый, темно-коричневый, красно-коричневый;Трубчатая;"C августа по сентябрь в лиственных и смешанных лесах (часто с дубом елью), чаще группами и одиночно, встречается редко, чаще в теплых южных регионах (на Кавказе, в Украине, на Дальнем Востоке).
Малоизвестный съедобный гриб.";Польский гриб;https://drive.google.com/open?id=1ghQN5s2PvIP28TwfKeWq9kA_L6xXIVpo
5.18.2024 17:14:28;Рядовка мыльная;;Рядовковые;Нет;Да;10;20;Утолщенная вверху;Грязно-белый, коричневатый;Выпуклая;Охристо-серый, серый, серо-оливковый, черновато-коричневый, голубоватый, свинцовый, зеленоватый;Пластинчатая;"Рядовка мыльная считается широко распространенным грибом. Гриб встречается в хвойных (образует микоризу с елью) и лиственных лесах, а также лугах с конца августа до конца октября большими группами.
Рядовка мыльная по своему внешнему виду очень похожа на серую рядовку, от которой отличается более темным цветом пластинок, оливковыми тонами шляпки, розоватой мякотью (в ножке) и заметным неприятным запахом. От зеленушки отличается редкими светлыми (не зеленовато-желтыми) пластинками и неприятным запахом. Еще похожа на условно-съедобную, покрытую коричневыми пятнами рядовку бурую, растущую преимущественно на перегнойной почве под березами и обладающую выраженным грибным запахом.";Серая рядовка, Зеленушка;https://drive.google.com/open?id=1CwQaTT62NYaKRQ5Q24Vz-2jDEqG5QcvD
5.18.2024 17:18:32; Ложносвинуха рядовковидная;Ложносвинуха лепистовидная, Белосвинуха лепистовидная, Жировик;Рядовковые;Да;Да;20;50;Утолщенная внизу;белая, желтовато-Белый, серовато-белый, серовато-голубоватый;Выпуклая;Беловатый, светло-серый, желтовато-кремовый, голубовато-зеленоватый;Пластинчатая;"Оптимальным временем плодоношения является период с июля по октябрь, в более южных регионах встречается с апреля.
Гумусовый сапротроф. Обитает в степях и в остепнённых лесах на плодородных почвах тяжёлого механического состава. Растет на пастбищах, лугах, на травянистых местах и лесах различного типа, предпочитает влажную почву.
Хороший съедобный гриб. Ложносвинуха рядовковидная обладает отменными пищевыми качествами. Перед приготовлением любого блюда из данного ингредиента не требуется предварительная обработка.";Белосвинуха горечавковая;https://drive.google.com/open?id=142CvyyaOcWZuMPVptb91Qdr3BK1bO468
5.18.2024 17:22:09;Белый гриб бронзовый;Рудяк, Дубовый гриб, Боровик бронзовый, Боровик темно-каштановый, Болет бронзовый, Белый гриб грабовый;Болетовые;Да;Да;20;70;Утолщенная внизу;Бежевый, оранжево-коричневый, каштаново-коричневый, белый, беловатый;Выпуклая;Темно-коричневый, каштаново-коричневый, черно-коричневый;Трубчатая;"Период плодоношения на территории стран СНГ с июля по октябрь. Предпочитает богатые перегноем, влажные почвы смешанных лесов, горные и холмистые местности. Растет под дубом, буком, грабом, хотя, бывает, и под сосной. В наших краях предпочитает южные регионы. Встречается редко, одиночно и малыми группами.
Превосходный съедобный гриб 1-й категории, ценится наравне с настоящим Белым грибом. Может подвергаться любым видам переработки.";Жёлчный гриб, Дубовик обыкновенныйё;https://drive.google.com/open?id=15FywlIew13NSX_SN3OomjHGwbPIy5PVo
5.18.2024 17:24:59; Чесночник обыкновенный;Негниючник обыкновенный;Омфалотовые;Нет;Да;2;8;Ровная;Красновато-бурый;Выпуклая;Желто-буроватый, охристый, палевый;Пластинчатая;"Чесночник Обыкновенный встречается в лесах разного типа. Произрастает в сухих местах на лесной подстилке. Предпочитает песчаные и глинистые почвы. Как правило, встречается большими группами. Период плодоношения с июля по октябрь. Чесночник своим названием обязан сильному чесночному запаху, который усиливается в пасмурные дождливые дни. Поэтому характерному признаку, легче находить колонии этого гриба.
Чесночник обыкновенный — съедобный гриб, употребляется в жареном, отварном, сушеном и маринованном виде. Применяют для приготовления острых пряностей. Характерный запах гриба после отваривания исчезает, при сушке усиливается.";Опенок луговой;https://drive.google.com/open?id=1KZ7IdKajOs6n9abHhpc9uKVlEgoSnZ1Q
5.18.2024 17:28:45;Белый гриб сосновый;Боровик, Белый гриб боровой, Болетус соснолюбивый;Болетовые;Нет;Да;20;100;Утолщенная внизу;Белый, кремовый, красноватый;Выпуклая;Бордово-коричневый, красно-коричневый, бордовый;Трубчатая;"Период плодоношения на территории стран СНГ с июня по октябрь. Отмечаются случаи нахождения грибов в мае и декабре в регионах с боле тёплым климатом. Плодоносит так называемыми «волнами» (как правило, в середине июня и в конце августа – начале сентября). Растёт в хвойных, лиственных и смешанных лесах. Чаще всего образует микоризу с сосной, реже с елью и пихтой, ещё реже с дубом, буком, грабом, каштаном. Предпочитает песчаные почвы, наиболее характерные места – светлые сосновые боры-беломшанники. Встречается одиночно, большими группами.
Превосходный съедобный гриб 1-й категории, обладает великолепным вкусом и прекрасным ароматом. Может подвергаться любым видам переработки. При сушке грибы сохраняют природный цвет и приобретают особый аромат.";Жёлчный гриб, Белый гриб сетчатый;https://drive.google.com/open?id=1_cRdmI05aNBAg269JaY4C_orQoOC2e2z
5.18.2024 17:32:42;Гиднеллум Пека;Ежовик дьявольский;Банкеровые;Нет;Нет;;;;;Выпуклая;Белый, бежевый, коричневый, кроваво-красный;Шипастая;"Это достаточно распространенный несъедобный гриб, который произрастает в хвойных лесах Европы и Северной Америки. Он, как и шампиньоны, относится к агариковым грибам, но, в отличие от них, несъедобен. Существуют разработки, которые направлены на получение сыворотки на основе яда из данного гриба.
Гиднеллум пека обладает хорошими антибактериальными качествами и содержит в своем составе химические соединения, способные разжижать кровь.";;https://drive.google.com/open?id=1jc-hDFQxsaR4oHIMdc1b0D9uLEFM05MU
5.18.2024 17:35:42;Вёшенка осенняя;Вёшенка поздняя, Вёшенка ольховая, Панеллюс поздний;Миценовые;Нет;Да;10;30;Утолщенная вверху;Желтый, желтовато-белый;Выпуклая;Зелено-коричневый, серо-бурый;Пластинчатая;"Вёшенка осенняя растет на пнях и останках древесины различных лиственных пород, предпочитая древесину клена, осины, вяза, липы, берёзы и тополя; реже встречается на хвойниках. Растут грибы, группами в основном срастаются ножками, друг над другом, образуя что-то похожее на кровлю.
Вёшенка осенняя, гриб условно-съедобный. В пищу можно употреблять после предварительного отваривания в течение 15 минут и более. Отвар необходимо слить. Есть гриб можно только в молодом возрасте, позже он становится очень жестким со скользкой толстой кожицей. Также гриб немного утрачивает вкусовые качества после морозов, но при этом остается вполне съедобным.";;https://drive.google.com/open?id=1JgedYwIvTxzNgIUEykLL0HiNZnYcPuLX
5.18.2024 17:39:16;Шампиньон двуспоровый;Шампиньон королевский, Шампиньон коричневый;Шампиньоновые;Нет;Да;10;30;С юбкой;Белый, буроватый;Выпуклая;Беловатый, желтоватый, коричневатый, бурый;Пластинчатая;"Шампиньон двуспоровый растет с самого конца мая до конца сентября на открытых пространствах и окультуренной почве, рядом с человеком, в садах, огородах, в теплицах и канавах, на улицах, на пастбищах, редко в лесах, на почве, где совсем мало или нет травы, не часто. Культивируется во многих странах.
Шампиньон двуспоровый — Вкусный съедобный гриб (2 категории), используется, как другие виды шампиньонов.";;https://drive.google.com/open?id=1yCfSNE7wrfbUqlUZYOSD1CNNYaOu-ld5
5.18.2024 17:41:56;Шампиньон полевой;Шампиньон обыкновенный, Шампиньон тротуарный;Шампиньоновые;Нет;Да;10;30;С юбкой;Белый;Выпуклая;Белый;Пластинчатая;"Летом и осенью полевой шампиньон растет на лужайках и полянах, в садах, у живых изгородей. В лесу встречаются родственные грибы с запахом аниса и желтеющей мякотью.
Широко распространён и обильно растёт на почве, в основном на открытых пространствах, поросших травой, — на лугах, лесных полянах, по обочинам дорог, на вырубках, в садах и парках, реже на пастбищах. Встречается как на равнине, так и в горах. Плодовые тела появляются одиночно, группами или большими группами; часто образуют дуги и кольца. Часто растёт рядом с крапивой. Возле деревьев редок; исключение составляют ели. Распространён по всей территории России. Обычен в северной умеренной зоне.
Сезон: с конца мая до середины октября—ноября.
Превосходный съедобный гриб. Многие знатоки грибов предпочитают его всем другим шампиньонам.";Белый мухомор,  Шампиньон жёлтокожий;https://drive.google.com/open?id=1rVT1jJ7ma1JtuwFYi5jWce0W1VoLgrf3
5.18.2024 17:44:46;Рыжик еловый;Еловик, Рыжик зелёный;Сыроежковые;Да;Да;8;25;Утолщенная вверху;Оранжевый, красноватый;Вогнутая;Оранжевый, красноватый, коричневатый;Пластинчатая;"Период активного плодоношения с августа по октябрь, может встречаться с июня по ноябрь. Образует микоризу с елью и толокнянкой обыкновенной. Растёт в еловых и смешанных с елью лесах на засыпанной хвоей лесной подстилке, на песчаных, торфяных, камбизольных почвах, предпочитает известняки. Не любит излишнего тепла, встречается часто, группами и большими группами, предпочитает расти под елями, в затенённых влажных местах. В смешанных сосново-еловых лесах может расти вперемежку с Рыжиком настоящим.
Превосходный съедобный гриб 1-й категории. Традиционно используется солёным, маринованным, варёным, жареным и, даже, сырым. В заготовках зеленеет.";;https://drive.google.com/open?id=1ob_Q3QhCmbzs6L_2VW9Gwu6kZVyXttAQ
5.18.2024 17:47:12;Груздь водянистозоновый;;Сыроежковые;Нет;Да;20;40;Ровная;Кремовый, желтоватый;Вогнутая;Белый, желтоватый;Пластинчатая;"Растут грибы кучно, грудами, откуда и происходит их название. Найти их бывает не так просто — грузди умело маскируются в черных опавших листьях. Наилучшие погодные условия для роста груздей — теплые ночи и туманы, тогда грибы растут очень обильно. В дождливую погоду очень часто загнивает в молодом возрасте, т.к. полностью скрыт в прошлогодней листве.
Условно-съедобный гриб. Некоторые находят возможным мариновать молодые грузди, но основные вкусовые качества гриба раскрываются в соленом виде.
";Волнушка белая;https://drive.google.com/open?id=1sxWCISFy4Et0TSD4QpxG3NW51VWStWIS
5.18.2024 17:50:02;Подберезовик розовеющий;Березовик окисляющийся, Березовик разноцветный, Березовик пёстрый;Болетовые;Нет;Да;20;50;Утолщенная внизу;Белый, буроватый;Выпуклая;Желто-бурый, мраморный;Трубчатая;"Произрастает Подберезовик розовеющий (Leccinum oxydabile) в северных сырых лесах и в тундрах, а также на высокогорьях с тем или иным видом древесных и кустарниковых берез. Известен на севере Западной Европы. В России его обычно собирают и используют в пищу вместе с березовиком обыкновенным.
Съедобный гриб, второй категории. Годится для употребления в пищу в любом виде — свежем и сушеном.";Березовик обыкновенный;https://drive.google.com/open?id=1m1afOcikGj6U6dROjoqBUuc_zRdTxFX3
5.18.2024 17:54:02;Лисичка бледная;Лисичка белая, Лисичка светлая;Лисичковые;Нет;Да;5;15;Утолщенная вверху;Желтовато-белый;Вогнутая;Желтовато-белый;Пластинчатая;"Гриб лисичка бледная встречается редко, отдаёт предпочтение лиственным лесам, участкам с естественной лесной подстилкой, или покрытым мхом и травой. В основном гриб растёт группами и колониями, как и все разновидности семейства лисичковых.
Плодоношение бледной лисички начинается в июне, а завершается в сентябре.
Бледные лисички принадлежат ко 2-й категории съедобности. Несмотря на устрашающее название, которое у многих сразу ассоциируется с бледной поганкой и её ядовитостью, бледные лисички отнюдь не представляют опасности для здоровья человека. Больше того, этот вид грибов вкусен и полезен";Лисичка ложная;https://drive.google.com/open?id=1Hqnue7SPv8oicMHd8eIoQn2SczDrBOWh
5.18.2024 18:02:19;Груздь золотисто-желтый;Груздь золотисто-млечный, Млечник золотистый;Сыроежковые;Нет;Да;10;25;Ровная;Желто-охристый, розоватый;Выпуклая;Розовато-оранжелый;Пластинчатая;"Встречается небольшими группами или поодиночке в лиственных лесах в основном под каштанами и дубами, в горах и на холмах.
Сезон - лето-осень.
Несъедобен.";;https://drive.google.com/open?id=1wHjSdbk_3p3uiziTGSlcrxP7NtUZNGGz
5.18.2024 18:04:24;Паутинник голубовато-опоясанный;;Паутинниковые;Нет;Да;20;60;Утолщенная внизу;Грязно-белый, коричневатый, желтоватый;Выпуклая;Сероватый, коричневый, голубоватый;Пластинчатая;"Предпочитает расти в лиственных лесах, но встречается и в хвойных. Любит влажные почвы, особенно, если в них много кальция. Растет группами.
Сезонность – август – сентябрь – начало октября.
Считается несъедобным грибом.";;https://drive.google.com/open?id=1FwdoK6rwSN0dgUGK-vSOJiLFXJ5s_tOR
5.18.2024 18:54:10;Рядовка исполинская;Рядовка-колосс, Рядовка-исполин, Рядовка огромная, Рядовка гигантская;Рядовковые;Да;Да;20;60;Утолщенная внизу;Беловатый, коричневатый;Выпуклая;Рыжевато-коричневый, красноватый, коричневый;Пластинчатая;"Исполинская рядовка образует микоризу с сосной, плодоносить начинает в августе и даёт урожай до конца сентября. Гриб предпочитает обитать преимущественно в сосновых лесах. Встретить рядовку исполинскую можно в смешанных лесах, в горной части Крымского полуострова.
Рядовка исполинская является съедобным грибом, однако из-за редкости вида собирать такие рядовки не рекомендуется. К тому же, в некоторых регионах России и Европы этот гриб считается редким, и занесён в Красную Книгу.";;https://drive.google.com/open?id=1hv0Cmrg5qzFluzI4J7aFE4eXgodn3YEM
5.19.2024 19:32:38;Чешуйчатка разрушающая;Чешуйчатка тополиная;Строфариевые;Да;Да;30;60;Утолщенная внизу;Белый;Выпуклая;Желтовато-коричневый, беловатыми, беловато-желтоватый, желтовато-коричневый;Пластинчатая;"Сапрофит. Растёт одиночно или небольшими группами, иногда в сростках на валежной древесине тополя разных видов, а иногда, реже, и на древесине других лиственных пород (особенно ив) в различных экосистемах, часто в городской черте. Не поражает живые деревья, начинает расти только там, где прекращается сокодвижение (на спиленных или повреждённых стволах). Может расти на любых элементах строений, сделанных из древесины тополя, на старых телефонных и электро столбах.
Чешуйчатка разрушающая относится к несъедобным грибам. Данных о ядовитости нет.";Чешуйчатка отклоняющаяся;https://drive.google.com/open?id=1P9US-uBsRGTekYVjDXAtQG6ZuPrlyXYc
5.19.2024 19:35:27;Подвишень;Подвишенник, Ивишень, Вишняк, Клитопилус обыкновенный;Энтоломовые;Нет;Да;5;15;Утолщенная вверху;Белый, грязно-белый;Выпуклая;Белый, желтовато-серый;Пластинчатая;"Различные разновидности Подвишенника встречаются с июля и до конца сентября повсеместно в лесах различного типа, в редколесье, среди травы, неизменно предпочитая кислые почвы. Гриб образует микоризу, как правило, с розовоцветными, но бывает найден и в ельниках без малейших следов яблонь и вишен.
Гриб съедобный и согласно некоторым источникам считается высокоценным, однако сильный мучной запах не всем по вкусу, а сходство с ядовитыми говорушками и неизвестными в питательном смысле энтоломами заставляет поумерить гастрономические амбиции.";Белая говорушка;https://drive.google.com/open?id=1C9DZsToou2K5T-z_XMy7oIUnkYd4Uxp5
5.19.2024 19:37:47;Рядовка надломленная;;Рядовковые;Нет;Да;20;30;Ровная;Белый, мучной, желто-коричневатый;Выпуклая;Коричневато-красный, каштаново-красный, желтовато-каштановый;Пластинчатая;"Рядовки надломленные произрастают преимущественно группами, на плодородных почвах, в сосновых лесах. Активное плодоношение гриба — с поздней осени и вплоть до середины зимы.
Гриб съедобен, но перед употреблением в пищу его следует долго вымачивать. Рекомендован к употреблению только в солёном виде.";;https://drive.google.com/open?id=1OW4SgNQLvBGNWAFrITru6qyEo5QRxb1s
5.19.2024 19:40:49;Строчок осенний;Лопастник осенний, Лопастник инфулоподобный, Гиромитра, Гельвелла инфула, Гельвелла инфулоподобная, Строчок рогатый;Дисциновые;Нет;Да;10;15;Ровная;Беловатый, коричневато-сероватый;Выпуклая;Светло-коричневый, коричнево-чёрный;Гладкая;"Строчок осенний единично встречается с июля, но активный рост начиает с конца августа. Часто встречается небольшими группами по 4-7 экземпляров в хвойных и лиственных лесах на почве, а также на остатках гниющей древесины.
Строчок осенний любит расти или в хвойных, или в лиственных лесах, иногда поодиночке, иногда небольшими семейками и, предпочтительно, на гниющей древесине или поблизости от неё. Его можно обнаружить по всему умеренному поясу Европы и России. Основной период плодоношения у него приходится на конец июля и продолжается до конца сентября.
Условно-cъедобный гриб, 4-й категории, используется в пищу после отварки (15-20 минут, вода сливается) или высушивания. В сыром виде смертельно ядовит.";;https://drive.google.com/open?id=11Zh3zR9GcNP2NG84-DEDlizPHn61YTbx
5.19.2024 19:43:39;Гебелома клейкая;Валуй ложный;Гименогастровые;Нет;Да;10;20;Утолщенная внизу;Беловатый, желтоватый;Ровная;Грязно-белый, ореховый, кирпично-красный, желтовато-коричневый;Пластинчатая;"Встречается часто, группами, под дубом, осиной, березой, на опушках леса, у дорог, на полянах. Плодоносит с сентября по ноябрь.
Широко распространена от Арктики до самой южной границы Кавказа и Средней Азии, часто встречается также в европейской части России и на Дальнем Востоке.
Гебелома клейкая — несъедобный, а по некоторым источникам ядовитый гриб.";Гебелома углелюбивая, Гебелома опоясанная;https://drive.google.com/open?id=1epo7HJBxnIELIX5R5v2m1jz_ZBDmEQPD
5.19.2024 19:46:05;Мицена чистая;;Миценовые;Да;Да;5;7;Ровная;Бледно-серо-коричневый;Выпуклая;Бледно-серо-коричневый, розоватый;Пластинчатая;"Мицена чистая (Mycena pura) встречается на опаде мертвой древесины твердых пород, произрастает небольшими группами. Так же встречается на замшелых стволах в лиственном лесу. Иногда, в качестве исключения может селиться на древесине ели. Распространенный вид на территории Европы, Северной Америке и Юго-Западной Азии. Плодоносит с ранней весны и до начала лета. Иногда встречается и осенью.
В пищу не употребляется из-за неприятного запаха, но в некоторых источниках, гриб относят к ядовитым. Содержит Мускарин. Считается слабо галлюциногенной.";;https://drive.google.com/open?id=1mbTfseNK4_LWAx2Z81kYIJgA8QmchkrY
5.19.2024 19:48:52;Моховик каштановый;Моховик коричневый, Моховик тёмно-коричневый;Болетовые;Нет;Да;15;30;Утолщенная в центре;Оливковый, желтоватый, розовый, коричневый;Выпуклая;Желтый, светло-коричневый, оливковый, коричневатый;Трубчатая;"Встречается преимущественно в летний и осенний период. В сырую погоду приобретает беловатый плесневый налет, заражающий другие находящиеся рядом грибы.
По съедобности относится к 3 категории.";Моховик зеленый, Моховик красный;https://drive.google.com/open?id=1w13R0bTh64I_5HRhxMpAio4UB0e5rshR
5.19.2024 19:50:42;Дождевик грушевидный;;Шампиньоновые;Нет;Нет;;;;;Выпуклая;Беловатый, грязно-бурый;Гладкая;"Дождевик грушевидный встречается с начала июля (иногда и раньше) до конца сентября, плодоносит ровно, не проявляя какой-то особой цикличности. Растет группами, большими и плотными, на основательно перегнивших, замшелых древесных останках как лиственных, так и хвойных пород.
Как и все прочие дождевики съедобен, пока его мякоть не начала темнеть. Впрочем, насчет целесообразности употребления дождевиков в пищу мнения бытуют самые разные.";;https://drive.google.com/open?id=1oQVoHe86cR7HywwGh7bDXiBLYkwxFnkz
5.19.2024 19:52:48;Псилоцибе синеющая;;Гименогастровые;Нет;Да;5;8;Ровная;Беловатый, синеватый;Ровная;Красноватый, коричневатый, желтоватый;Пластинчатая;"Псилоцибе синеющая плодоносит в осенний период, преимущественно во влажных местностях, на почвах, богатых органикой, на лесных опушках, дорожным обочинам, на пастбищах и пустырях. Их отличительной особенностью является срастание ножками между собой. Такой вид грибов растёт на отмершей растительности.
Гриб под названием синеющая Псилоцибе принадлежит к ядовитым, при употреблении в пищу вызывает сильные галлюцинации, нарушает правильную работу слуховых и зрительных органов.";;https://drive.google.com/open?id=1apj38aRuzTJAUviDKZvKqDQ_NlDrz6Ll
5.19.2024 21:14:19;Говорушка подогнутая;Клитоцибе подогнутая;Рядовковые;Нет;Да;10;30;Утолщенная в центре;Белый, буроватый;Вогнутая;Белый, беловатый, палевый, рыжеватый, грязно-жёлтый, коричневатый, жёлто-бурый;Пластинчатая;"Растет с первой декады июля до конца октября. Массовое плодоношение с середины августа до конца сентября. При тёплой погоде и в южных регионах встречается и в ноябре-декабре, вплоть до заморозков и даже после первых заморозков и первого снега.
Говорушка подогнутая считается условно-съедобным грибом с посредственными вкусовыми качествами (четвёртой категории). Рекомендуется предварительное отваривание, по разным источникам — от одного до двух-трёх раз, кипятить не менее 20 минут, отвар слить, не использовать. ";Говорушка ворончатая, Свинуха гигантская;https://drive.google.com/open?id=1vC-KtZO2m5q3nu-Zk7Jdi3HDiCRvHyqK
5.19.2024 21:17:06;Сыроежка желтая;;Сыроежковые;Нет;Да;15;25;Ровная;Белый, сероватый;Ровная;Желтый, желто-оранжеватый, бледно-желтый;Пластинчатая;"Обитание: с середины июля до конца сентября в сырых лиственных (с березой), в сосново-березовых лесах, по окраинам болот, во мху и черничниках, одиночно и небольшими группами, не редко, чаще встречается в северных регионах лесной зоны.
Растет часто, но не обильно в сыроватых березовых, сосново-березовых лесах, по окраинам сфагновых болот с июля по октябрь.
Гриб съедобен, отнесен к 3-й категории. Можно использовать его соленым.";Сыроежка охристая;https://drive.google.com/open?id=1X7aBy4YbSkvvSVCYjKkNzTpcrb_Z36OD
5.19.2024 21:20:06;Маслёнок лиственничный;;Маслёнковые;Нет;Да;10;20;Утолщенная внизу;Желтый, красновато-бурый;Выпуклая;Бледно-лимонно-жёлтый, ярко-жёлтый, оранжевый, оранжево-охристый, серовато-охристо-коричневый;Трубчатая;"Маслёнок лиственничный растет под лиственницей, в сосновых лесах с примесью лиственницы, в лиственных лесах, особенно молодых посадках. Встречается редко и необильно, одиночно и группами. В последнее время сроки произрастания лиственничного масленка значительно расширились. Самая ранняя известная находка — 11 июня, также лиственничные маслята встречаются вплоть до конца октября.
Съедобный гриб, второй категории. Употребляют свежим, маринованным и соленым";Масленок настоящий;https://drive.google.com/open?id=1HhNXGYSt6Jfgic0e8BKvLRiTsErE10dJ
5.19.2024 21:22:53;Груздь болотный;;Сыроежковые;Нет;Да;15;25;Ровная;Розовато-белый, грязно-белый, коричневатый;Вогнутая;Рыжеватый, красновато-коричневый, кирпичный, охряный;Пластинчатая;"Встречается повсеместно, предпочитает увлажненные места, низины. Сезон – с июня по ноябрь, но самый пик роста приходится на август – сентябрь.
Съедобный гриб. Используется в пищу.";;https://drive.google.com/open?id=1i3uUpnTXLXM1S0gZDBynDspJnOB0zr9A
5.19.2024 21:25:18;Лепиота ядовитая; Лепиота кирпично-красная;Шампиньоновые;Нет;Да;15;20;С юбкой;Розоватый;Ровная;Серо-красный, бело-коричневатый;Пластинчатая;"Встречается в июне — августе на Украине в окрестностях Одессы, а также в Западной Европе. Растет в парках, на лугах, среди травы. Вид редкий, сугубо осенний.
Это очень ядовитый, даже смертельно ядовитый гриб. Его хилое плодовое тело, малый размер и неприглядный вид вряд ли могут привлечь внимание грибника.";;https://drive.google.com/open?id=1GkmSDoWRYXL7_rvktSBJK4extDdZ4eKO
5.19.2024 21:28:38;Свинушка ольховая;Свинушка осиновая;Свинушковые;Нет;Да;10;15;Ровная;Охряно-коричневый, грязно-желтый;Вогнутая;Красновато-коричневый, желтовато-коричневый, охряно-коричневый;Пластинчатая;Свинушка ольховая, ещё именуется свинушкой осиновой – довольно редкий вид, внешне похожий со свинушкой тонкой. Название своё получила из-за предпочтения расти под ольхой или осиной. В настоящее время свинушка ольховая на ряду со свинушкой тонкой отнесены к ядовитым грибам. Однако некоторые источники все же склоняются к тому, чтобы отнести ее к условно-съедобным грибам.;Свинушка тонкая;https://drive.google.com/open?id=1htKZ_T88kKYOPCHN-pp_tOO9v1wQSGrR
5.19.2024 21:31:47;Боровик жёлтый;Болет светло-жёлтый, Болет ярко-жёлтый, Болет жёлтый, Боровик Юнквилла;Болетовые;Нет;Да;25;60;Утолщенная внизу;Желто-коричневый;Выпуклая;Желто-коричневый, грязно-желтый;Трубчатая;"Встречается боровик желтый преимущественно в буковых и дубовых лесах. Основной ареал этого вида – страны Западной Европы, в России этот вид встречается в Уссурийском районе на территории Супутинского заповедника. Собирают боровик желтый в осеннее-летний период – с июля по октябрь.
Боровик желтый – съедобный гриб, который относится ко второй категории пищевой ценности. Употребляют его в пищу как в свежем, так в консервированном и сушеном виде.";Боровик неопушённый, Моховик золотистый;https://drive.google.com/open?id=12aSGYzwH-_EcmlBx1YfMPr2414B5WaxF
5.19.2024 21:35:00;Паутинник козий;Паутинник вонючий;Паутинниковые;Нет;Да;10;30;Утолщенная внизу;Фиолетово-сизый, серо-фиолетовый, сероватый;Выпуклая;Серовато-фиолетовый, фиолетово-сизый;Пластинчатая;"Паутинник козий встречается с середины июля до начала октября в хвойных и смешанных лесах, как правило, с сосной; как и многие паутинники, растущие в подобных условиях, предпочитает влажные мшистые места.
Гриб несъедобен по причине неаппетитного запаха, многократно усиливающегося при варке, по некоторым источникам даже ядовит.";;https://drive.google.com/open?id=1zponKLbwVYJAf9vjjdYpoBXHR4KITxLK
5.19.2024 21:37:24;Вешенка рожковидная;Вешенка обильная;Вёшенковые;Нет;Да;5;15;Утолщенная вверху;Белый, коричневатый;Вогнутая;Белый, серо-охристый;Пластинчатая;"Рожковидная вешенка произрастает с начала мая до середины сентября на останках деревьев лиственных пород; гриб не редок, но пристрастие к труднодоступным местам — бурелому, густому кустарнику, вырубкам, — делает его не таким приметным, как другие вешенки.
Как и все вешенки, рожковидная съедобна и даже в каком-то смысле вкусна.";Вешенка легочная;https://drive.google.com/open?id=19SaWXX8SLzyehw35mHv7JQerwXR4tJQN
5.19.2024 21:40:24;Рядовка серовато-сиреневая;Рядовка серо-голубая;Рядовковые;Нет;Да;10;25;Ровная;Сероватый, лиловый, сиреневый, кремовый;Ровная;Сероватый, лиловый, сиреневый, кремовый;Пластинчатая;"Растет осенью в лесах всех видов с богатой почвой, и/или с толстой листовой или хвойной подстилкой; на кучах листового перегноя и в местах, куда свозится листва; на богатых почвах в пойменных перелесках рек и ручьев, низинах, оврагах, нередко среди крапивы и кустарника. Подстилка при этом активно прорастает мицелием. Любит расти вдоль дорог, тропинок, где есть значительное количество листовой/хвойной подстилки. Растет рядами, кольцами, от нескольких и до десятков плодовых тел в кольце или ряде.
Условно-съедобный гриб. Вкусный. Полностью аналогичен фиолетовой рядовке. Термическая обработка необходима, так как гриб содержит гемолизин, разрушающий красные кровяные тельца (как и фиолетовая рядовка), который полностью разрушается при термической обработке.";Рядовка фиолетовая;https://drive.google.com/open?id=1J74s24wdnlMrvmkIQSUpz_eNqRtQDpee
5.20.2024 10:50:47;Подберезовик белый;Березовик болотный, Березовик белый, Болотник;Болетовые;Нет;Да;8;15;Ровная;Белый;Выпуклая;Кремовый, светло-серый, розоватый;Трубчатая;"Подберезовик белый встречается с середины июля до начала октября в лиственных и смешанных лесах (образуя микоризу главным образом с березой), предпочитает сырые места, охотно растет по краям болот. Попадается не очень редко, но особой урожайностью не отличается.
Гриб съедобен, но его вкусовые качества остаются под вопросом.";Подберезовик обыкновенный;https://drive.google.com/open?id=1Xqlx63vR_NGBMPUfwchOcHAPGzDbhHwV
5.20.2024 10:54:21;Мацутакэ;Рядовка обутая, Рядовка пятнистая;Рядовковые;Нет;Да;15;30;Утолщенная внизу;Орехово-коричневый, грязно-белый;Выпуклая;Коричневый;Пластинчатая;"Произрастает около подножья деревьев, часто прячется под опавшими листьями. Характерной особенностью гриба мацутакэ является его симбиоз с корнями мощных деревьев, произрастающих на определённых территориях. Плодоношение мацутакэ начинается в сентябре, и продолжается до октября. На Территории Российской Федерации этот вид гриба распространён в Южном Урале, Приуралье, на Дальнем Востоке и Приморье, Восточной и Южной Сибири.
Гриб Мацутакэ съедобен, причём употреблять его можно в любом виде, как в сыром, так и в отварном, тушёном или жареном. Гриб характеризуется высокими вкусовыми качествами, иногда его маринуют или засаливают, но чаще – едят свежим.";;https://drive.google.com/open?id=1L7v9v7lnXmFeG0zw60H9zSt4ebAv4g-S
5.20.2024 11:04:04;Навозник дятловый;Навозник сорочий, Навозник пёстрый;Псатирелловые;Нет;Да;6;15;Ровная;Белый;Выпуклая;Светло-бурый, охристый, черно-коричневый;Пластинчатая;"Навозник дятловый предпочитает лиственные леса, где выбирает богатые гумусом известковые почвы, иногда встречается на гнилой древесине. Растет одиночно или небольшими группами, чаще в гористой или холмистой местности. Плодоносит с позднего лета, но пик плодоношения осенью.
Навозник дятловый чаще упоминается как слабо ядовитый, вызывающий гастритные явления, иногда как галлюциногенный. Иногда некоторые авторы говорят о съедобности.";;https://drive.google.com/open?id=1wpTlfBCiCrrW5MoTJc9P8pALKE5BqEMn
5.20.2024 11:08:51;Боровик волчий;Ложный сатанинский гриб;Болетовые;Нет;Да;20;60;Утолщенная внизу;Желтоватый, ярко-желтый, красный, красно-коричневый;Выпуклая;Розовый, красный, сероватый, молочно-кофейный, темно-розовый, красно-розовый, коричневый, красноватый, красно-рыжий;Трубчатая;"Боровик волчий достаточно распространенный среди болетов вид, который растет в дубовых лесах. Встречается с ноября по январь разбросанными на почве группами.
Он относится к разряду условно съедобных грибов. В пищу его можно употреблять после отваривания в течение 10-15 минут. При этом отвар нужно обязательно выливать.";;https://drive.google.com/open?id=1J1r0c0NRnoh7AgLSkjqWfLhJOucd982B
5.20.2024 11:12:42;Трутовик берёзовый;Березовая губка;Фомитопсисовые;Нет;Нет;;;;;Выпуклая;Желтоватый, сероватый;Гладкая;"Трутовик березовый является дереворазрушающим грибом. Чаще всего произрастает одиночно или небольшими группами на мертвой преющей березовой древесине, а также на больных и погибающих  живых березовых деревьях.
Трутовик березовый является не пригодным к употреблению грибом из-за горькой и жесткой мякоти. Есть сведения, что его мякоть может употребляться в молодом виде до приобретения жесткости.";;https://drive.google.com/open?id=1Xipi2ut-2n3WlGSJ-5ClZOZF0J1igjb7
5.20.2024 11:17:01;Боровик пороспоровый;Моховик пороспоровый;Болетовые;Нет;Да;15;30;Утолщенная в центре;Серо-коричневый, желтоватый;Выпуклая;Темно-коричневый, серо-коричневый;Трубчатая;"Боровик пороспоровый произрастает в основном в хвойных лесах и в лесах смешанного типа. Чаще всего его можно найти среди травы и на мху.
Сезон произрастания боровика пороспорового приходится на лето-осень, в основном — с июня по сентябрь.
Боровик пороспоровый относится к съедобным грибам.";;https://drive.google.com/open?id=1sh9QGg6b2regIe_VO8omggH6bvw01ahI
5.20.2024 11:21:19;Зонтик девичий;;Шампиньоновые;Да;Да;6;10;С юбкой;Беловатый, грязно-коричневатый;Выпуклая;Беловатый, буроватый, светло-коричневатый;Пластинчатая;"Зонтик девичий растёт на почве в сосновых и смешанных лесах, на лугах, появляется одиночно или группами, встречается редко. Сезон: август — октябрь.
Съедобен, но поскольку редок и подлежит охране, собирать его не рекомендуется.";;https://drive.google.com/open?id=1EhWpZ7x9BRmI7GY-BpxQFeuiiL2PZXYs
5.20.2024 11:24:54;Млечник серо-розовый;Груздь серо-розовый, Груздь несъедобный, Млечник обыкновенный, Млечник чалый;Сыроежковые;Нет;Да;10;20;Ровная;Серо-розоватый;Вогнутая;Тускло-сероватый, коричневато-розовый;Пластинчатая;"Млечник серо-розовый встречается на болотах среди берез и сосен, во мхах, с начала августа до середины октября; в конце августа-начале сентября может, при благоприятствующих обстоятельствах, плодоносить в огромных количествах.
В зарубежной литературе проходит по списку слабо ядовитых; у нас упоминается как несъедобный или как съедобный, но малоценный.";;https://drive.google.com/open?id=1tJfgzFhbbtpAW2SzkJiHlVLIY7nLnH_4
5.20.2024 11:27:04;Трутовик настоящий;Кровяная губка;Полипоровые;Нет;Нет;;;;;Выпуклая;Серый, светло-бежевый;Гладкая;"Трутовик настоящий принадлежит к категории сапрофитов. Именно этот гриб является основной причиной появления белой гнили на стволах деревьев лиственных пород. Его негативному воздействию нередко подвергаются насаждения берёз, дубов, ольхи, осины, буков. 
Гриб несъедобен.";;https://drive.google.com/open?id=1BKAWDRPUERAzYYZF2I6QDphRXgZ_KI4J
5.20.2024 11:28:56;Энтолома ядовитая;Розовопластинник гигантский, Розовопластинник желтовато-сизый;Энтоломовые;Нет;Да;20;30;Ровная;Белый;Выпуклая;Белый, буроватый;Пластинчатая;"Растёт в лиственных лесах, садах, скверах, парках, огородах одиночно или группами с июня по сентябрь. Встречается в Карелии, Мурманской области, на Украине. В средней полосе этот гриб пока не обнаружен.
Гриб ядовит. При употреблении в пищу вызывает сильное расстройство кишечника.";;https://drive.google.com/open?id=1iVSdhM9nqo-nWlBVA4_Zo9oV-6Nz0-7s
5.20.2024 11:30:53;Шампиньон августовский;;Шампиньоновые;Нет;Да;15;25;С юбкой;Белый, желтоватый;Выпуклая;Темно-коричневый, темно-оранжевый;Пластинчатая;"Эти грибы начинают появляться с середины августа и растут до начала октября.
Шампиньон августовский растет преимущественно в хвойных и смешанных лесах, часто около муравейников или непосредственно на них.
Съедобный гриб, третьей категории.";;https://drive.google.com/open?id=1XsZ0sTbn0-7_LEtBvrs-B4FlmG-dOCls
5.20.2024 11:33:30;Рядовка вонючая;;Рядовковые;Нет;Да;3;18;Утолщенная внизу;Белый, кремовый, бледно-желтоватый;Ровная;Беловатый, кремовый, медовый, розовато-тёмно-бежевый, бледно-охряный;Пластинчатая;"Рядовка вонючая образует микоризу с елью (род Picea) и пихтой (род Abies). Обычно она приурочена к влажным лесам с развитым толстым моховым покровом на почве, но её можно также встретить в хвойниках-черничниках. Она предпочитает почвы от слабокислых до известковых. 
Гриб несъедобен из-за отвратительного запаха и горького вкуса.
Рядовка вонючая в некоторых источниках относится к разряду галлюциногенных грибов, при употреблении ее в пищу может вызывать зрительные и слуховые галлюцинации.";Рядовка белая, Рядовка частопластинковая;https://drive.google.com/open?id=1Pqt6EwvB-a22M0XusYa3skPG0_E7VJk4
5.20.2024 11:36:03;Белошампиньон длиннокорневой;;Шампиньоновые;Нет;Да;15;25;С юбкой;Белый, коричневатый;Выпуклая;Серовато-коричневый, беловатый;Пластинчатая;"Плодоносит с июня по октябрь.
Встречается в странах Евразии, Австралии и Северной Америки. В России распространен в окрестностях Ростова-на-Дону, а в других регионах страны неизвестен. Произростает в Великобритании, Франции, Украине, Италии, в Армении. Это довольно редкий гриб, чаще встречается в садах, парках, на обочинах дорог, а также на пашнях, полях и в зарослях рудералов. Может произрастать как одиночно, так и небольшими группами.
Хороший сьедобный гриб.";;https://drive.google.com/open?id=1TW_GZUlkDMnqW3hSFUaeDLyNzuAKHLlK
5.20.2024 11:40:20;Боровик двухцветный;Болет двухцветный;Болетовые;Нет;Да;20;50;Утолщенная внизу;Розово-красный, желтоватый;Выпуклая;Ярко-красный, кроваво-красный, кирпичный, коричневатый;Трубчатая;"Этот гриб можно встретить в лесах хвойного и лиственного типа.
Этот тип грибов считается съедобным.";;https://drive.google.com/open?id=1pLIAXBqlGMXrOUuogiXpai6PRmEifSKz
5.20.2024 11:42:57;Лепиота гребенчатая;Зонтик гребенчатый;Шампиньоновые;Нет;Да;3;8;С юбкой;Желтоватый, розоватый, беловатый;Выпуклая;Рыже-бурый, белый;Пластинчатая;"Растёт в хвойных, смешанных и широколиственных лесах, на лугах, пастбищах, огородах. Плодоносит с июля по октябрь. Встречается и в Северной Америке. Растет он с июня по сентябрь октябрь на лугах, лесных опушках и лужайках, пастбищах. Обладает острым, редечным запахом и неприятным вкусом.
Гриб несъедобен, возможно, ядовит. Встречается по всей России и относится к подозрительным грибам. В западноевропейских определителях его иногда отмечают как ядовитый.";Лепиота щитковая;https://drive.google.com/open?id=1vFMn-M0mC6Kv7ErygjawbUaA3HxM6eco
9.16.2024 20:43:13;Навозник мерцающий;Навозник крошащийся;Псатирелловые;Нет;Да;20;80;Ровная;Белая;Выпуклая;Медово-коричневый, желтовато-коричневый, янтарный;Гладкая;Очень часто в городах, садах, парках, во дворах и на обочинах дорог, но также встречается в лесу. Навозник мерцающий, как и все подобные навозники, вполне съедобен в молодом возрасте, пока пластины не почернели. В пищу употребляют только шляпки.;;https://drive.google.com/open?id=1DZkfPccVVqAbZjIBO4Rgi_Z61_Gy8-rX
9.16.2024 20:52:45;Ризопогон обыкновенный;Трюфель обыкновенный;Ризопогоновые;Нет;Нет;;;;;Выпуклая;Серовато-коричневый, оливково-бурый;Гладкая;Распространён в еловых, сосново-дубовых и сосновых лесах. Ризопогон обыкновенный принадлежит к числу малоизученных грибов, но считается съедобным. ;;https://drive.google.com/open?id=1Tab1QtcqYd4OIZhjZQj9dZKKwRVTz9_H
9.16.2024 21:03:48;Паутинник превосходный;;Паутинниковые;Нет;Да;20;50;Утолщенная внизу;Бледно-фиолетовым;Выпуклая;Красно-коричневая;Гладкая;Распространён в неморальных областях Европы, однако встречается там редко. Некоторые страны Европы даже внесли этот вид грибов в Красную книгу, как редкий и исчезающий.;;https://drive.google.com/open?id=1Tq3GdxTWLdprZfZWv7qD-CHxH_k6QXiv
9.16.2024 21:09:40;Энтолома ядовитая;Розовопластинник гигантский;Энтоломовые;Нет;Да;20;30;Ровная;Белая, шелковисто-блестящая;Выпуклая; Желтоватая, серо-бурая;Пластинчатая;Растёт в лиственных лесах, садах, скверах, парках, огородах одиночно или группами с июня по сентябрь. Встречается в Карелии, Мурманской области, на Украине. ;;https://drive.google.com/open?id=1tmqk9S725DGIswlfOgykHHlut4pVnZfT
9.16.2024 21:19:25;Траметес разноцветный;Кориолус разноцветный;Полипоровые;Нет;Нет;;;;;Ровная;Разноцветные области белого, синего, серого, бархатистого, чёрного, серебристого цветов;Гладкая;Несъедобен. Гриб этого вида предпочитает селиться на поленнице, старой древесине, трухлявых пнях, оставшихся от лиственных деревьев;;https://drive.google.com/open?id=12a4sCnmBIeDFq5TdTiJFjcDNvNYw5Aki
9.16.2024 21:24:20;Волоконница патуйяра;Волоконница краснеющая;Волоконницевые;Нет;Да;5;10;Ровная;Беловатая, затем красноватая, соломенно-желтая.;Выпуклая;Беловатая, затем красноватая, соломенно-желтая.;Пластинчатая;Гриб Волоконница патуйяра смертельно ядовит. Появляется с мая по октябрь, особенно обильно — в августе и сентябре.;;https://drive.google.com/open?id=1S3XA6HlBTugszwdzgykNooJx6EGTCGi-
9.16.2024 21:28:39;Аурикулярия уховидная;Иудино ухо;Аурикуляриевые;Нет;Нет;;;;;Вогнутая;Серо-коричневая, рыжевато-коричневатая;Гладкая;Аурикулярия уховидная растет с лета до поздней осени, с июля до ноября, на мертвой древесине, у основания стволов и на ветках лиственных деревьев и кустарников.;;https://drive.google.com/open?id=199l_EuX0o7wV3KioR8Cxfx8HvaXVtVSn
9.16.2024 21:33:42;Шампиньон августовский;;Шампиньоновые;Да;Да;2;5;С юбкой;Белый;Выпуклая;Темно-коричневый, темно-оранжевый;Гладкая;Шампиньон августовский растет преимущественно в хвойных и смешанных лесах, часто около муравейников или непосредственно на них. Съедобный, третьей категории.;;https://drive.google.com/open?id=16_aBUI9MhMjkp2KlRlwuNh-Ei3PwO5KB
9.16.2024 21:36:47;Шапочка сморчковая;Сморчок нежный;Сморчковые;Нет;Да;15;25;Ровная;Белый, кремовый.;Выпуклая;Коричневый;Гладкая; Считается самым узким видом сморчковых грибов. Плодоносит с начала до середины мая четко направленным слоем. Чаще всего встречается среди молодых лип и осин. Употреблять в пищу сморчковую шапочку можно только после предварительного отваривания в течение десяти минут.;;https://drive.google.com/open?id=1iznVxG8MgiseZQfF6535jJqJIocNUqzS
9.16.2024 21:41:20;Мухомор Виттадини;;Аманитовые;Нет;Да;20;50;Утолщенная вверху;Белый;Выпуклая;Белый;Пластинчатая;Встречается в некоторых южных и юго-восточных степных районах России. Мухомор Виттадини растет с апреля по октябрь на различных почвах. Весна — осень. Молодые грибы съедобны, вкус и запах их приятен, но в связи с опасностью перепутать со смертельно ядовитыми видами лучше воздержаться от употребления их в пищу.;;https://drive.google.com/open?id=152P7gcaJEWGl6ALMSHdPKP6ewsE5ioyD
9.23.2024 16:20:07;Огнёвка ольховая;Чешуйчатка ольховая;Строфариевые;Нет;Да;10;10;Ровная;Желтый;Выпуклая;Желтый;Пластинчатая;Чешуйчатка ольховая считается несъедобным грибом из-за горького вкуса. Горечь не уходит после отваривания или высушивания. Чешуйчатка ольховая плодоносит с конца лета и всю осень, в теплых регионах возможно плодоношение весной. ;;https://drive.google.com/open?id=1JPJYiy9r0cfQdIt-Fqta3uSLi_cC0se7
9.23.2024 16:24:51;Говорушка беловатая;Говорушка выбеленная;Трихоломовые;Нет;Да;4;6;Утолщенная вверху;Беловатый, сероватый;Вогнутая;Мучнисто-белоый, беловато-сероватый;Пластинчатая;"Смертельно-ядовитый гриб! Плодовые тела появляются группами, иногда очень большими; образуют «ведьмины круги». Распространён в умеренной зоне Северного полушария.Сезон с середины июля по ноябрь.";;https://drive.google.com/open?id=1lBZli21gJDfmgkq3b9G5Dxuw-fz4dvNX
9.23.2024 16:41:12;Сыроежка съедобная;Сыроежка пищевая;Сыроежковые;Нет;Да;5;30;Ровная;Белый;Выпуклая;Коричневый;Пластинчатая;Этот гриб произрастает в лиственных и хвойных лесах в основном в летне-осенний период. Сыроежка пищевая очень широко используется в пищу благодаря своему отличному вкусу и аромату. Она полностью безопасна для здоровья.;;https://drive.google.com/open?id=1qAqj2TFNcI2oBB-g-m8GSzk8KkySf7pw
9.23.2024 16:57:43;Белошампиньон длиннокорневой;;Шампиньоновые;Нет;Да;15;25;С юбкой;Белый;Выпуклая;Белый;Пластинчатая;Съедобный гриб семейства Шампиньоновые (Agaricaceae) с характерной выпукло-распростертой шляпкой. В России распространен в окрестностях Ростова-на-Дону, а в других регионах страны неизвестен. ;;https://drive.google.com/open?id=1Dz2TR5BHU8gCYr2X7siHenCuCeBu9poM
9.23.2024 17:01:18;Мутинус собачий;;Весёлковые;Нет;Да;10;10;Ровная;Желтоватый;Выпуклая;Зелёный;Гладкая;Несъедобный гриб, хотя некоторые утверждают, что когда гриб ещё в яйцевой оболочке, он съедобен.Растет мутинус собачий с последней декады июня по октябрь в лиственных лесах на богатой гумусом почве.;;https://drive.google.com/open?id=1G2WhBTmUrBpg7IhdKKZf6Gd6fgSKAyTI
9.23.2024 17:04:48;Поплавок шафрановый;Поплавок шафранный;Аманитовые;Нет;Да;10;15;Утолщенная внизу;Белый;Выпуклая;Желто-шафрановый;Пластинчатая;Малоценный съедобный гриб. Поплавок шафрановый встречается с начала июля до конца сентября в лиственных и смешанных лесах, предпочитая светлые места, опушки, редколесья. ;;https://drive.google.com/open?id=1MQ6hfd3YxnXViZY6pRZysK09QqUy1zZ2
9.23.2024 17:07:13;Белонавозник Бирнбаума;;Шампиньоновые;Нет;Да;5;6;С юбкой;Желтоваятая;Выпуклая;Желтоватая;Пластинчатая;Несъедобный декоративный гриб. Произрастает на компосте, в оранжереях, теплицах, парниках в течении всего года.;;https://drive.google.com/open?id=1Y-0yc7XbWX3-UX_MzKnx04IyRqj2BgkL
9.23.2024 17:13:25;Рядовка вонючая;;Трихоломовые ;Нет;Да;3;13;Утолщенная внизу;Белый, бледно-желтоватый;Ровная;Белый, бледно-желтоватый;Пластинчатая;Гриб несъедобен из-за отвратительного запаха и горького вкуса.;;https://drive.google.com/open?id=1utxqCcXDLfBHTIlUuf6qxzGWxErgw21a
9.23.2024 17:17:03;Боровик двухцветный;Болет двухцветный;Болетовые;Нет;Да;10;20;Утолщенная внизу;Розово-красный;Выпуклая;Розово-красный;Трубчатая;Этот тип грибов считается съедобным. Больше всего этих грибов можно увидеть в Северной Америке во время теплоты, то есть летних месяцев.;;https://drive.google.com/open?id=1GoFyZ__OvZaQyFwT3GI9-Az0DQMSdKxp
12.2.2024 1:34:54;Говорушка булавоногая;Говорушка булавовидноногая;Гигрофоровые;Нет;Да;5;35;Утолщенная внизу;Белый, буровато-серый;Выпуклая;Белый, серый, коричневый;Пластинчатая;"Считается съедобным грибом весьма низкого качества. Говорушка булавоногая встечается с середины июля до середины октября в лесах различного типа, предпочитая, очевидно, из хвойных деревьев сосну, а из лиственных — березу; в период наиболее активного плодоношения (конец августа — начало сентября) произрастает очень обильно, большими группами.";;https://drive.google.com/open?id=137V4jamYdBFa0QNd7dJEcwhYY9xCRWW4
12.2.2024 1:37:57;Омфалотус масличный;Омфалот маслиновый;Омфалотовые;Нет;Да;5;10;Утолщенная вверху;Желто-оранжевый, красновато-коричнеывый;Выпуклая;Желто-оранжевый, красновато-коричнеывый;Пластинчатая;Гриб ядовит, но не смертельно. Его употребление приводит к тяжелым желудочно-кишечным расстройствам. Омфалотус Масличный растет колониями на пнях олив и других лиственных пород деревьев. Встречается на невысоких горах и равнинах. Плодоносит с лета и до поздней осени. ;;https://drive.google.com/open?id=1DYV0M1hK4H10yFtAJQtepQS-a6F2T7o6
12.2.2024 1:42:35;Головач мешковатый;Головач пузыревидный;Шампиньоновые;Нет;Нет;;;;;Выпуклая;Белый;Гладкая;Хороший съедобный гриб 4-й категории, как и большинство Дождевиков. Почвенный гумусовый сапротроф. Растёт на почве всех типов лесов, на выгонах, пашнях, в садах, на суходольных, горных и предгорных лугах, на низкорослых лугах среди культивируемых земель и на склонах холмов в низкой траве, на опушках и полянах, предпочитает открытые песчаные пастбища-пустоши с удобренной почвой.;;https://drive.google.com/open?id=1GvsnstLCHHX7rzxl98QZurlcAXWyt__7
12.2.2024 1:45:51;Трутовик овечий;Альбатреллус овечий;Альбатрелловые;Да;Да;10;30;Утолщенная вверху;Белый;Выпуклая;Белый;Трубчатая;Вид занесен в Красную книгу Московской области (3 категория, редкий вид). Трутовик овечий встречается нечасто с июля по октябрь на почве под елями в сухих хвойных и смешанных лесах на полянах, просеках, опушках, у дорог, а также в горах. Предпочитает нейтральные и щелочные почвы, часто растет во мху. ;;https://drive.google.com/open?id=1ZHE7bFQLoiRzK9R8PHuH891usSxNkdM6
12.2.2024 1:49:35;Феолепиота золотистая;Зонтик золотистый;Шампиньоновые;Нет;Да;5;10;С юбкой;Золотисто-желтый, охряный цвет;Выпуклая;Золотисто-желтый, охряный цвет;Пластинчатая;"Раньше феолепиота золотистая считалась условно-съедобным грибом, который употребляется в пищу после 20 минутного отваривания. Однако, сейчас информация противоречивая, по некоторым данным гриб накапливает цианиды, и может привести к отравлению. Поэтому, последнее время, его причисляют к несъедобным грибам.  Феолепиота золотистая растет со второй половины июля, и до конца октября, группами, в том числе и большими. 

";;https://drive.google.com/open?id=1CNeaEAEvjLvND8xqWSdfFt3zYAmqRl5V
12.2.2024 1:53:08;Волоконница острая;;Волоконницевые;Нет;Да;2;5;Ровная;Умброво-коричневый;Выпуклая;Умброво-коричневый;Пластинчатая;В грибе много элемента алкалоида мускарина. Может вызывать галлюциногенное состояние, похожее на опьянение. Гриб несъедобный. Встречается нечасто. Можно найти в Европе, также иногда в Восточной Сибири. Растет в хвойных лесах и болотах в субарктическом поясе, иногда прорастает среди сфагновых мхов.;;https://drive.google.com/open?id=1aHJsuuaQrGXW4lUzG7HnwIIdmPLb6Rwi
12.2.2024 1:56:27;Мухомор яйцевидный;;Аманитовые;Да;Да;30;50;Утолщенная внизу;Белый;Выпуклая;Белый;Пластинчатая;В России данный гриб занесен в Красную книгу Краснодарского края. Несмотря на то, что гриб является съедобным, рекомендуется собирать его только опытным профессиональным грибникам. Это связано с высокой вероятностью того, что вместо мухомора яйцевидного будет срезана ядовитая поганка. ;;https://drive.google.com/open?id=1mxkssktkBpln0oo8LQJ8VfZYUJzyOFPt
12.2.2024 1:58:57;Моховик красный;Моховик краснеющий;Болетовые;Нет;Да;5;10;Утолщенная внизу;Ярко-желтый;Выпуклая;Розовато-пурпурный;Трубчатая;Съедобный гриб, четвертой категории, собирают в августе-сентябре. Годится для употребления в вареном, маринованном и сушёном виде.;;https://drive.google.com/open?id=1_fKuAxOQwQ6p3WJK0UWWYJYue1dEqb85
12.2.2024 2:07:51;Поплавок серый;Мухомор влагалищный;Аманитовые;Да;Да;5;20;Ровная;Серый;Выпуклая;Серый;Пластинчатая;В некоторых регионах (Астраханская область) внесён в Красную Книгу. Поплавок Серый считается съедобным грибом с низкими вкусовыми качествами (видимо, из-за совершенно безвкусной мякоти). Имеет смысл собирать только молодые экземпляры с нераскрывшейся шляпкой: есть шанс донести до дома непереломанные грибы. Плодоносит Серый Поплавок всё тёплое время года: поздняя весна, лето и осень. Распространён повсеместно. ;;https://drive.google.com/open?id=1OCCPUxnJKLGM_b8QgiyHiXSHrklLycSY
12.2.2024 2:12:45;Лопастник курчавый;Гельвелла курчавая;Гельвелловые;Нет;Да;5;10;Ровная;Белый;Вогнутая;Белый;Гладкая;"Лопастник курчавый — относится к условно-съедобным грибам. Лопастник курчавый — это довольно редкий гриб. А основными местами его произрастания можно считать лиственные и хвойные леса Европы и европейской части России, в которых он встречается небольшими группами, часто вдоль лесных дорог и, в отличие от лопастника обыкновенного (гельвеллы обыкновенной) он растёт не в весенний, а в осенний период — с начала августа и по конец октября.
";;https://drive.google.com/open?id=1ji4-bSczk7wiUOE-PHCR-OEUNQxnDtJs
12.2.2024 3:00:34;Мухомор поганковидный;Мухомор лимонный;Аманитовые;Нет;Да;5;23;С юбкой;Белый;Выпуклая;Белый;Пластинчатая;"Ряд источников причисляет Поганковидный мухомор к смертельно ядовитым грибам, но это, с большой вероятностью, перестраховка: слишком велик риск спутать его с Бледной Поганкой. Растет поодиночке, небольшими группами, реже небольшими полянками.
Плодоносит летом и осенью.
Широко распространен в Европе и Азии, и — пока еще под старым названием — в Северной Америке.";;https://drive.google.com/open?id=1g659TcNcVqQ07CQtEUjK0_lqKFI1RKvi
12.2.2024 3:02:57;Саркосома шаровидная;;Саркосомовые;Нет;Нет;;;;;Выпуклая;Темно-коричневый;Гладкая;Редкий гриб, занесен в Красную книгу некоторых областей России. Относится к несъедобным грибам, хотя в ряде регионов нашей страны употребляется в пищу (в жареном виде). Его масло давно используется в народной медицине. Из него делают отвары, мази, пьют в сыром виде — кто для омоложения, кто для роста волос, а кто просто применяет как косметическое средство. Сезон – ранняя весна, конец апреля – конец мая, после того, как стает снег. ;;https://drive.google.com/open?id=16coaqb68n3W1WLLhYuwZzWAWnNypEieB
12.2.2024 3:05:50;Ксилярия многообразная;Пальцы мертвеца;Ксиляриевые;Нет;Да;5;10;Ровная;Черный;Выпуклая;Черный;Гладкая;"Несъедобен. Данных о ядовитости нет. Этот странный гриб, часто называемый «Пальцы мертвеца», можно встретить с весны до поздней осени, так как развивается он весьма неторопливо. Молодой — бледный, голубоватый, часто с беловатым кончиком. Его бледное внешнее покрытие — это «бесполые» споры, конидии, появляющиеся на ранней стадии развития. К лету, однако, гриб начинает чернеть, и к концу лета или осени он полностью черный и высохший. 


";;https://drive.google.com/open?id=1bJsQe1B_W0RoPVizmumsbCBxnen2ti5w
12.2.2024 3:07:35;Шампиньон перелесковый;Шампиньон тонкий;Шампиньоновые;Нет;Да;5;20;Ровная;Белый;Выпуклая;Белый;Пластинчатая;Шампиньон перелесковый — Это хороший съедобный гриб, не уступающий лучшим из шампиньонов. Шампиньон перелесковый произрастает одиночно и группами в лиственных и хвойных лесах с июня по конец сентября.;;https://drive.google.com/open?id=1JRQciZXScRauz2hNbVE-fZpijpgF0m_i
12.2.2024 3:10:04;Гигрофор Персона;;Гигрофоровые;Нет;Да;6;17;Ровная;Оливково-бурый;Выпуклая;Оливково-бурый;Пластинчатая;"Гриб съедобен. Растет в широколиственных лесах, образует микоризу с дубом, встречается также в буковых и грабовых лесах. Растет небольшими группами. Сезон: август-ноябрь.
Вид редкий, встречается в Европе, Азии, на Северном Кавказе, в России — в Пензенской, Свердловский областях, на Дальнем Востоке и в Приморском крае, ареал распространения скорее всего значительно шире, нет точных данных.
";;https://drive.google.com/open?id=1p39DlW614BLnv2wr4g64lnnjxzRo--OG
12.2.2024 3:12:53;Моховик бархатный;Моховик восковатый; Болетовые;Нет;Да;5;20;Утолщенная внизу;Желтый, Красновато-желтый;Выпуклая;Коричневый, красно-коричневый;Лабиринтовидная;"Гриб моховик бархатный (Xerocomellus pruinatus) съедобен, может употребляться в любом виде (свежем, жареном, отварном, засоленном или высушенным). Бархатный моховик произрастает на территории лиственных лесов,  преимущественно под дубами и буками, а кроме того – в хвойных лесах с елями и соснами, а также – лесистых местностях смешанного типа. Активное плодоношение начинается в конце лета и продолжается в течение первой половины осени. Произрастает преимущественно группами.
";;https://drive.google.com/open?id=1R2clARzXQinnOdsPws_Q46RqEvlTB4tA
12.2.2024 3:15:28;Болет пурпурный;Боровик пурпурный;Болетовые;Нет;Да;20;70;Утолщенная внизу;Лимонно-желтый;Выпуклая;Красноватый, винный, розовый;Лабиринтовидная;"В сыром или недоваренном виде ядовит. В западной литературе позиционируется как несъедобный или ядовитый. Ввиду редкости лучше не собирать. Гриб встречается довольно редко. Распространен в России, в Украине, в странах Европы, в основном в местах с теплым климатом. Предпочитает известковые почвы, чаще обитает в холмистых и горных районах. Встречается в широколиственных и смешанных лесах рядом с буками и дубами. Плодоносит в июне-сентябре.
";;https://drive.google.com/open?id=1A80PL79nHNOr95nk5IwHl4tQ1Prcz2pw
12.2.2024 3:17:24;Боровик ле Галь;Боровик законный;Болетовые;Нет;Да;25;50;Утолщенная внизу;Розовато-оранжевый;Выпуклая;Розовато-оранжевый;Лабиринтовидная;Этот гриб является ядовитым и не допускается использование этого гриба в пищевых целях. Боровик ле Галь широко распространен в Европе и встречается преимущественно в лиственных лесах, где является микоризообразоватлем с дубом, буком, грабом. Предпочитает расти на щелочных почвах. Встречается летом и ранней осенью.;;https://drive.google.com/open?id=138OoHbVl1lBvV06OaDo6-VDUFasmRrY7
12.2.2024 3:19:35;Навозная лысина;;Строфариевые;Нет;Да;5;10;Ровная;Светло — желтоватый.;Выпуклая;Бледно-охряный, желтовато- коричневый;Пластинчатая;Местонахождение: на сгнившем лошадином навозе и хорошо удобренных почвах, в траве, в саду и полях.;;https://drive.google.com/open?id=1GIkV3mn3shdlTKWIhEJig9iFUnRvJyNT
12.3.2024 0:56:53;Рамария красивая;Рогатик красивый;Гомфовые;Нет;Да;5;200;Ровная;Белый, розовый, желтый;Ровная;Белый, розовый, желтый;Трубчатая;Этот гриб ядовит, при приеме внутрь нарушает работу желудочно-кишечного тракта. Рамария красивая обычно встречается в лиственных лесах. Старые грибы по внешнему виду сходны с другими желтоватыми или бурыми рогатиками.;;https://drive.google.com/open?id=1IIei_X_u_fszIVUhUMxvZk3zf-dynKll
12.3.2024 1:00:05;Подосиновик белый;Осиновик белый;Болетовые;Нет;Да;5;20;Утолщенная внизу;Белый;Выпуклая;Белый;Пластинчатая;Подосиновик белый (Leccinum percandidum) — cъедобный гриб второй категории. Собирают с середины августа и до конца сентября. Употребляют в пищу так же, как подосиновик красный. Молодые грибы лучше мариновать, а крупные зрелые — жарить или сушить.;;https://drive.google.com/open?id=1ryp92w7D72758XOcHxOThiv1FDh_ZHMN
12.3.2024 1:02:11;Белошампиньон краснопластинчатый;Зонтик румянящийся;Шампиньоновые;Нет;Да;5;10;С юбкой;Белый;Выпуклая;Белый;Пластинчатая;Благодаря большому распространению, многие с удовольствием потребляют в пищу данный гриб, тем более у него оригинальный фруктовый запах, он многим очень приятен. Найти его можно практически в течение всего сезона, начиная с середины лета и до середины осени. Он встречается во многих местах, на пастбищах, в садах, у дорог, потому что основное место обитания это трава.;;https://drive.google.com/open?id=1xjOrYdnZFQakU9kdTAsRumDkhjHQcIjs
12.3.2024 1:06:01;Сморчок конический;;Сморчковые;Нет;Да;5;15;Ровная;Белый, желтый;Выпуклая;Рыжевато-бурый, черный;Трубчатая;"Сморчок конический – съедобный гриб с нежной вкусной мякотью. При этом считается условно-съедобным и требует предварительного приваривания в течение 15 минут. стречается на хорошо прогретых почвах, пожарищах и вырубках лесов. Часто гриб можно встретить и в осинниках. Сморчок конический, как и все сморчки плодоносит весной, искать его нужно начиная с апреля и до середины мая. Сморчки предпочитают места, где есть падалица, поэтому любители данного вида, иногда разводят их дома в саду вокруг старых яблонь.
";;https://drive.google.com/open?id=1N6mNvlbyBEomUrKZTz1t296rT750jBkB
12.3.2024 1:10:21;Млечник Мэра;;Сыроежковые;Нет;Да;6;15;Ровная;Розово-кремовый, кремово-жёлтый, кремовый;Выпуклая;Светло-кремовый, глинисто-кремовый;Пластинчатая;Млечник Мэра принадлежит к числу съедобных грибов, пригоден для употребления в пищу в любом виде. Млечник Мэра встречается преимущественно в широколиственных лесах, произрастает группами небольшой величины. Гриб этого вида широко распространён на территории Европы, Юго-Западной части Азии и в Марокко. Активное плодоношение гриба приходится на период с сентября по октябрь.;;https://drive.google.com/open?id=1jDUeRKEDxfaMPfYJ8PwfmFD5it3KL32N
12.3.2024 1:13:46;Коллибия лесолюбивая;Коллибия дуболюбивая;Омфалотовые;Нет;Да;5;10;Утолщенная внизу;Коричневый, светло-рыжый;Выпуклая;Восково-беловатый;Пластинчатая;"Различные источники сходятся на том, что гриб Коллибия лесолюбивая, в общем-то, съедобен, но есть его смысла нет: мяса мало, вкус отсутствует. Впрочем, попробовать никто не запрещает. Распространение:
Коллибия лесолюбивая растет с середины мая до поздней осени в лесах различного типа — как на подстилке, так и на гниющих остатках деревьев. В июне-июле встречается в больших количествах.";;https://drive.google.com/open?id=1CBtUbKwNip5nFWpGz5OBjAUqpmvbF2FG
12.3.2024 1:16:33;Паутинник светло-охристый ;;Паутинниковые;Нет;Да;5;25;Ровная;Светло-охристый;Выпуклая;Светло-охристый, коричневатый;Пластинчатая;"Паутинник в официальных источниках называют несъедобным, слабо-ядовитым грибом. Однако бывалые грибники, которые пробовали его на вкус, рассказывают, что светло-охристый паутинник очень вкусный и упругий. Его перед употреблением нужно отварить, а потом – поджарить. Но рекомендовать этот вид для употребления в пищу всё-таки нельзя. Паутинник светло-охристый (Cortinarius claricolor) произрастает преимущественно группами, может образовывать ведьмины круги, по 45-50 плодовых тел. Выглядит гриб аппетитно, но попадается грибникам редко. Произрастает в сухих лесах хвойного типа, где преобладают сосны. Встречается такой гриб и в сосновых борах с минимальной влажностью. Любит расти посреди белых и зелёных мхов, на открытых участках местности, вблизи брусничников. Плодоносит в сентябре.
";;https://drive.google.com/open?id=1rGNMjpzJVAEJlCsE1xdbEHEheRVtTePV
12.3.2024 1:20:23;Маслёнок рыжий;Масленок неокольцованный;Маслёнковые;Нет;Да;5;25;Ровная;Красновато-рыжий, желтый;Выпуклая;Красновато-рыжий;Трубчатая;Гриб считается съедобным, обладающим пищевой ценностью второй категории. Среди съедобных грибов он занимает первое место среди грибов, растущих в смешанном лесу. Излюбленным местом произрастания является почва под лиственницей, с которой гриб образует грибницу. В начале лета первый слой маслят появляется в молодых сосновых и еловых посадках. Пора похода за рыжим масленком совпадает со временем цветения сосны. Второй слой маслят появляется в середине июля, во время цветения липы. Третий слой масленка рыжего собирается с начала августа и до наступления первых сильных заморозков. Произрастает большими группами, чем представляет удобство грибникам при собирании.;;https://drive.google.com/open?id=1trnTEa3utcKTGuB08ZIK-urMJY2RUA7W
12.3.2024 1:23:27;Трутовик каштановый;;Полипоровые;Нет;Да;5;20;Ровная;Черный, коричневый;Вогнутая;Коричневый;Трубчатая;": Съедобен ли гриб проверить очень сложно, так как он очень жесткий даже в молодом возрасте.  Встречается Каштановый Трутовик на останках лиственных пород деревьев. Предпочитает сырые почвы. Период плодоношения с конца мая и до середины октября. В хорошие сезоны Трутовик встречается повсеместно и обильно. Часто произрастает вместе с Чешуйчатым Трутовиком, наиболее приметным грибов этого рода.
";;https://drive.google.com/open?id=1LZiNQsDkGoshsyuqT4P0v3GnIzK_fRR2
12.3.2024 1:25:59;Сыроежка чешуйчатая;Сыроежка зеленоватая;Сыроежковые;Нет;Да;5;15;Утолщенная вверху;Белый;Вогнутая;Зеленый, серо-зеленый;Пластинчатая;Зеленоватая сыроежка относится к съедобным грибам и считается лучшей среди всех остальных сыроежек по вкусовым качествам. Ее можно применять в пищу в отваренном виде, а также сушеную, маринованную или соленую. Сыроежка чешуйчатая в основном произрастает в лиственных лесах, преимущественно на участках, имеющих кислую почву. Лучше всего ее собирать летом и осенью.;;https://drive.google.com/open?id=1pnDlJkD5aQg_oZwPw6u0HcerfoAsAC4-
12.3.2024 1:29:14;Клатрус Арчера;Цветохвостник арчера;Весёлковые;Нет;Нет;;;;;Ровная;Белый, красный, розовый, серый;Гладкая;Резкий, отталкивающий запах плодового тела цветохвостника Арчера, а также плохой вкус мякоти обуславливает тот факт, что плодовые тела данного вида соотносят с несъедобными грибами. Описываемый гриб в пищу не употребляют. Клатрус Арчера произрастает с июля по октябрь на почве лиственных и смешанных лесов, встречается на лугах и в парках, так же отмечен на песчаных дюнах. Сапрофит. Встречается редко, но при хороших условиях растет в больших количествах.;;https://drive.google.com/open?id=1ixXLbcc4fuFXtNtJIFD7glaxbIrzqMPg
12.3.2024 1:32:03;Паутинник пачкающий;Паутинник голубоствольный;Паутинниковые;Нет;Да;10;20;Ровная;Белый;Выпуклая;Красно-буроватый, хряно-коричневатый,  желто-оранжево-коричневый;Пластинчатая;Хороший съедобный гриб, используется свежим (отваривание около 15 минут) во вторых блюдах, соленым и маринованным. Паутинник пачкающий обитает с конца июля до конца сентября в лиственных и смешанных (с осиной) лесах, в осинниках, во влажных местах, одиночно и небольшими группами, не часто;;https://drive.google.com/open?id=12IbfzLmxuYkkbGyjxifWmizuOWXhxi0U
12.4.2024 18:01:00;Ежовик белый ;Ежовик беловатый;Ежовиковые;Нет;Да;5;30;Ровная;Белый;Ровная;Белый;Трубчатая;Съедобен. Употребляется в отварном, жареном, маринованом виде. Хорош для сушки. Распространение: Северная Америка, страны Европы и Азии. Массово распространён в таких странах, как, например, Болгария, Испания, Италия, Франция. В России замечен в южных регионах, в умеренной лесной зоне.;;https://drive.google.com/open?id=1BcspEzqDMrqZs0fMZiu6n443wVZbK9Yn
12.4.2024 18:03:23;Обабок чернеющий;;Болетовые;Нет;Да;5;30;Утолщенная внизу;Желтоватый, светло-желтый;Выпуклая;Желтоватый, светло-желтый;Лабиринтовидная;"Известен в Европе. Отмечен в Карпатах и на Кавказе.

Гриб съедобен.

Употребляется в свежеприготовленном, сушеном и маринованном виде.

При сушке чернеет.";;https://drive.google.com/open?id=1K7z3ffx3-cw4BObPDB1bVYKP_pJL-FrM
12.4.2024 18:05:59;Дисцина щитовидная;Блюдцевик розово-красный;Дисциновые;Нет;Да;5;10;Ровная;Коричневый, розовато-оливковый;Вогнутая;Коричневый, розовато-оливковый;Гладкая;Считается съедобным грибом не самого высокого качества. Дисцина щитовидная попадается с начала мая до середины лета (массовый выход, как правило, приходится на середину или конец мая) в лесах различного типа, в парках, часто располагаясь около гниющих остатков деревьев или прямо на них. Предпочитает, очевидно, древесину хвойных пород.;;https://drive.google.com/open?id=153vvor9Xslvc_dv0OtnxjrxBo7XyvR4b
12.4.2024 18:08:26;Альбатреллус сливающийся;Альбатреллус сросшийся;Альбатрелловые;Нет;Да;5;20;Ровная;Кремовый;Выпуклая;Рыжий, розово-бурый;Гладкая;Альбатреллус сливающийся – однолетний съедобный гриб. Если составлять карту месторасположения этого гриба, то следует отметить часть Европы ( Германия, Украина, Финляндия, Эстония, Швеция, Норвегия), Восточной Азии (Япония), Северной Америки и Австрали. Россияне могут направится собирать Альбатреллус сливающийся в Мурманске, Урале и Сибири.;;https://drive.google.com/open?id=17ndDLQB07udJlU-5fLXGHRcg5y4B2TXd
12.4.2024 18:11:27;Подберезовик жестковатый;Подберёзовик твердоватый;Болетовые;Нет;Да;10;50;Ровная;Беловатый, бежевый, буроватый;Выпуклая;Серо-бурый, охряно-бурый, красновато-коричневый, кофейно-молочный;Трубчатая;"Съедобный гриб 2-й категории. За счёт плотной мякоти, богатырских размеров, малой червивости и стойкости к жаре и засухе сопоставим по качеству с Подосиновиками. Может использоваться при любых способах приготовления и заготовки. Вкусный и ароматный гриб в различных блюдах. В России растёт с середины июля и до конца октября (иногда можно встретить и в середине ноября). Образует микоризу с осиной и тополем, в частности с тополем белым  и осиной обыкновенной . Растёт в лиственных и смешанных лесах предпочтительно на известковых почвах, но может встретиться и на суглинистых и песчаных почвах. Хорошо переносит жару и засуху. Встречается не часто, одиночно и небольшими группами.
";;https://drive.google.com/open?id=1LJUsF5wa2iA2Q77r4B7e2yxGm-v7B0p3
12.4.2024 18:13:25;Груздь сизоватый ;;Сыроежковые;Нет;Да;5;15;Утолщенная вверху;Белый;Выпуклая;Белый;Пластинчатая; Съедобный гриб, но при приготовлении требуется тщательная предварительная обработка (вымачивание в соляном растворе). Также для улучшения вкусовых качеств рекомендуется добавлять различные специи. Груздь сизоватый неплохо переносит засушливые периоды, при этом и вкус мякоти также зависит от погодных условий.;;https://drive.google.com/open?id=1CEj1aTyy8hbCtTEMFUU78deHTCG8wQRM
12.4.2024 18:16:13;Мухомор порфировый;Мухомор серый;Аманитовые;Нет;Да;6;14;С юбкой;Белый;Ровная;Серовато-коричневый, коричневый;Пластинчатая;"По разным источниками Мухомор порфировый считается либо несъедобным из-за неприятного вкуса и запаха, либо ядовитым. Страны Европы и Азии, где есть хвойные и смешанные леса, Северная Америка (США, Канада).
Плодовые тела образуются со второй половины лета и до наступления холодов.";;https://drive.google.com/open?id=1hoqOu0kyXvn_oVSzYgaFD37b0_bSqDiS
12.4.2024 18:17:52;Панус уховидный;Пилолистник уховидный;Полипоровые;Нет;Да;5;20;Ровная;Коричневатый;Вогнутая;Коричневатый;Пластинчатая;Паннус уховидный малоизвестен, но не ядовит. Никакого вреда человеку, съевшему его, гриб не принесет. В пищу употребляется в свежем и маринованном виде. В Грузии данный гриб используют в сыроварении. Панус уховидный встречается в лиственных лесах, обычно на мертвой древесине. Гриб произрастает целыми пучками. Плодоносит все лето и осень.;;https://drive.google.com/open?id=1_B7Ar_z0aHYXxqmjXb3hD_-3MWhizBss
12.4.2024 18:19:43;Дубовик Келе;Болет Келе;Болетовые;Нет;Да;20;50;Ровная;Желтоватый;Выпуклая;Коричневый;Трубчатая;Дубовик Келе — В принципе съедобный гриб. Но в сыром виде не употребляется. Перед употреблением грибы необходимо прожарить, чтобы устранить вещества, раздражающие кишечник, содержащиеся в грибе. Распространение: Дубовик Келле (Suillellus queletii) встречается в светлых лиственных лесах. Произрастает на пролесках и полянках, а так же в дубовом лесу, и изредка в хвойном. Предпочитает неплодородные, кислые и жесткие почвы, невысокую траву, опавшую листву или мох. Время плодоношения с мая по октябрь. Растет группами. Рядом с дубовиком часто можно встретить мухомор жемчужный, лисичку обыкновенную, пестрый ;;https://drive.google.com/open?id=1nKyLsG5kBuu59DDdoSyqZ6MlANXg5oxv
12.4.2024 18:21:41;Боровик розово-пурпурный;;Болетовые;Нет;Да;50;70;Утолщенная внизу;Лимонно-желтый;Выпуклая;Красный;Трубчатая;"В сыром виде или недоваренном состоянии гриб употреблять нельзя, потому что он ядовит. Лучше его вообще не собирать, так как он встречается достаточно редко и мало изучен. Ареал обитания данного гриба распространяется на Россию, Украину, Европейские страны. Предпочтительными являются места с теплым климатом. Он очень похож на такие съедобные грибы как Boletus erythropus и Boletus luridus, а также на сатанинский гриб (Boletus satanas) и другие, похожие по окраске, болеты.
Источник материала: https://wikigrib.ru/borovik-rozovo-purpurnyj/";;https://drive.google.com/open?id=1gao9fNoxQ6MF3HBGamFENZ-nOXXyW58I
12.4.2024 18:23:25;Псилоцибе чешская;;Гименогастровые;Нет;Да;1;2;Ровная;Кремовый;Выпуклая;Кремовый;Пластинчатая;"Гриб Псилоцибе чешская принадлежит к категории несъедобных и ядовитых грибов, и его употребление человеком нередко приводит к возникновению серьёзных галлюцинаций. На некоторых участках местности описываемый гриб встречается довольно-таки часто. Активно плодоносит только осенью, в период с сентября по октябрь. Найти псилоцибе чешскую грибники могут на подгнивающих ветках деревьев, принадлежащих к лиственным и хвойным породам. Плодовые тела этого гриба произрастают на территории смешанных, хвойных и лиственных лесов.
";;https://drive.google.com/open?id=11mgk8rJuiiBrQbYLrdcK-q9KXp1puMdI
12.4.2024 18:25:15;Псатирелла серо-бурая;;Псатирелловые;Нет;Да;2;8;Ровная;Белый;Выпуклая;Коричневый;Пластинчатая;"Гриб безоговорочно съедобный. Период плодоношения этого гриба начинается в первой половине мая. Встречается Псатирелла серо-бурая на гниющей древесине. Произрастает относительно разрозненными группами, иногда образует плотные сростки. Плодоношение происходит несколькими волнами, последняя волна приходится на середину октября, но это не достоверная информация.
";;https://drive.google.com/open?id=1ccyo2jezQ5mDy0PVZBlT1Sao0FJRpKwa
12.4.2024 18:26:38;Говорушка зимняя;;Трихоломовые ;Нет;Да;4;6;Ровная;Оливково-бурый;Вогнутая;Оливково-бурый;Пластинчатая;Гриб относится к съедобным, в пищу используется во вторых блюдах и супах, а также его можно мариновать, солить или сушить. Говорушка зимняя произрастает в хвойных лесах на подстилке, периода созревания достигает поздней осенью. Ареал распространения – европейская часть бывшей территории Советского союза, Сибирь, Дальний Восток, Кавказ, Западная Европа, Южная Америка, Северная Африка.;;https://drive.google.com/open?id=1gZ2IGtclFb9E3Qx9hnOoxp7UEZQJjTGR
12.4.2024 18:28:11;Гипсизигус ильмовый;Рядовка ильмовая;Лиофилловые;Нет;Да;5;20;Утолщенная внизу;Светло-бежевый;Выпуклая;Светло-бежевый;Пластинчатая;Нормальный съедобный гриб. Гипсизигус ильмовый встречается в августе-сентябре как на гниющей древесине, так и на почве у корней живых деревьев. Как и многие другие представители этого рода, часто встречается большими семьями.;;https://drive.google.com/open?id=1B059I9YZf9_WeQxU5EllXvAHh78GFUGA
12.4.2024 18:30:00;Трюфель олений;Элафомицес зернистый;Элафомицетовые;Нет;Нет;;;;;Выпуклая;Охряно-коричневый, желтовато-охряный;Гладкая;"Не рекомендован для употребления в пищу человеком. Многие микологи считают олений трюфель несъедобным, однако лесные животные с большим удовольствием едят его. Особенно по вкусу этот вид грибов приходится зайцам, белкам и оленям. рюфель олений (Elaphomyces granulatus) можно встретить достаточно часто в летний и осенний период. Активное плодоношение вида приходится на период с июля по октябрь. Плодовые тела трутовика оленьего предпочитают расти в смешанных и хвойных (еловых) лесах. Изредка этот вид грибов растёт также и в лиственных лесах, выбирая участки в ельниках и под хвойными деревьями.
";;https://drive.google.com/open?id=1qkSfD3NwvdM1IXBHixVJLMuveKNFJeuj
12.4.2024 20:38:36;Зонтик Конрада;;Шампиньоновые;Нет;Да;5;15;С юбкой;Белый;Выпуклая;Коричневатый;Пластинчатая;"Съедобный гриб, уступает по вкусовым качествам зонтику пёстрому. В пищу употребляются только шляпки, ножки считаются жёсткими и слишком волокнистыми. Зонтик Конрада обильно плодоносит в конце лета — начале осени, для разных регионов указывается несколько разный диапазон. Пик плодоношения, вероятно, приходится на август-сентябрь, но встретить этот гриб можно с июня по октябрь, при тёплой осени — и в ноябре.
Гриб распространён во всей средней полосе, в лесах различных типов (хвойные, смешанные, лиственные), может расти на опушках и открытых полянах, на богатых перегноем почвах и листовом отпаде. Встречается и в городской черте, в больших парках.
";;https://drive.google.com/open?id=16Ey0faO-l_PLo2oVUE8-ro-eKffNRnRn
12.4.2024 20:39:47;Эксидия железистая;;Эксидиевые ;Нет;Нет;;;;;Выпуклая;Черный, темно-бурый;Гладкая;"Гриб несъедобен, но не ядовит. Появляется уже весной в апреле-мае и при благоприятных условиях может расти до поздней осени.
Распространение — Европа, Европейская часть России, Кавказ, Приморский край.";;https://drive.google.com/open?id=1OyoijEcfTzjy6RToDm-NO7_JdNt93Fih
12.4.2024 20:42:09;Панеолус синеющий;;Псатирелловые;Нет;Да;2;8;Ровная;Светло-коричневый;Выпуклая;Светло-коричневый;Пластинчатая;"Синеющий панеолус принадлежит к категории условно-съедобных грибов, но употреблять его в пищу без вреда для здоровья можно только после хорошей термической обработки (отваривания). На территории России панэолус синеющий распространён на Дальнем Востоке, в Приморье, а также – в центральных европейских регионах. Активное его плодоношение начинается в июне, и продолжается до конца сентября. Гриб предпочитает произрастать на луговых пастбищах, на навозе животных, местностях с травянистым ландшафтом.
";;https://drive.google.com/open?id=1XNLd-5S0E_JFWA1GMKo5h5HH3FdGwWCG
12.8.2024 2:14:04;Саркосцифа австрийская;Эльфова чаша;Саркосцифовые;Нет;Нет;;;;;Вогнутая;Ярко-красный;Гладкая;"Гриб съедобен. О вкусовых качествах можно спорить, так как явного, хорошо выраженного грибного или какого-то экзотического вкуса тут нет. Однако, несмотря на маленький размер плодовых тел и довольно тонкую мякоть, текстура у этой мякоти — превосходная, плотная, но не резинистая. Ранняя весна.
Некоторые источники указывают, что при затяжной осени гриб можно встретить поздней осенью, перед морозами, и даже зимой (декабрь).
Распространён в северных регионах Европы и в восточных областях США.
Растёт небольшими группами. Так же, как и Саркосцифа алая, этот вид является своеобразным показателем «экологической чистоты»: в промышленных регионах или возле трасс саркосцифы не растут.";;https://drive.google.com/open?id=1-YE9psSCN8rsJo1KRVDa4VbA5fnoMod6
12.8.2024 2:16:43;Боровик красивоокрашенный;Болет красивоокрашенный;Болетовые;Нет;Да;30;50;Утолщенная вверху;Кремовый;Выпуклая;Кремовый;Трубчатая;"Ядовит в сыром виде. Съедобен, низко-среднего качества после варки или сушки. Непопулярен для употребления из-за его редкости и токсичности. В основном устанавливает микоризу с буковыми, которые растут на известняковых почвах, особенно с португальским дубом в южных краях, хотя также ассоциируется с дубом скальным и с дубом черешчатым, которые предпочитают кремнистые почвы. Произрастает с конца лета до глубокой осени. Термофильный вид, связан с теплыми регионами, особенно распространён в Средиземноморье.
";;https://drive.google.com/open?id=1I7nyDAtr4U9nJCw8AJ2PKHR0cjh03IZR
12.8.2024 2:19:46;Говорушка бледноокрашенная;Говорушка серая;Трихоломовые ;Нет;Да;3;5;Утолщенная вверху;Серовато-коричневатый;Вогнутая;Серовато-коричневатый;Пластинчатая;Считается ядовитым грибом. Распространен со второй половины августа до ноября (поздний вид) в хвойных и смешанных лесах (ель, сосна), группами, не часто.;;https://drive.google.com/open?id=1yaJnMEJX5eKuVX21ChJXngESIHFJ0TZz
12.8.2024 2:21:58;Полевик ранний;Полёвка ранняя;Строфариевые;Нет;Да;5;10;Ровная;Неопределенно-желтоватый, светло-глинистый, грязно-беловатый;Выпуклая;Неопределенно-желтоватый, светло-глинистый, грязно-беловатый;Пластинчатая;"Полевик ранний — Нормальный съедобный гриб, хотя некоторые источники указывают на горечь. Полевик ранний встречается с начала июня до середины июля в садах, парках, по краям лесных дорог, предпочитая богатые почвы; может селиться на сильно перегнивших древесных останках. В некоторые сезоны может плодоносить очень обильно, хотя обычно попадается не так часто.";;https://drive.google.com/open?id=1ExkeHJTRa8bT1DuhNH605ovuUqgRPnGT
12.8.2024 2:24:19;Трутовик плоский;;Ганодермовые;Нет;Нет;;;;;Ровная;Серовато-коричневый, ржаво-коричневый;Гладкая;Съедобность — гриб не съедобен, его мякоть жесткая и не имеет приятного вкуса. Распространение — растет везде на пнях и валежнике лиственных деревьев, чаще расположен невысоко. Разрушитель древесины! Там где гриб растет, происходит процесс гнили древесины белого или желто-белого цвета. Иногда разрушает ослабленные лиственные деревья( особенно березу) и древесину хвойных пород. В основном растет с мая по сентябрь. Широко распространен в умеренном поясе северного полушария.;;https://drive.google.com/open?id=1Lh-5QUJ2o7GEV0WHyWnmd3HrlDt7RL2i
12.8.2024 2:27:56;Гимнопил сосновый;Огневка;Гименогастровые;Нет;Да;5;12;Утолщенная вверху;Бурый, сливочный;Выпуклая;Золотистый, охряной, желтый, коричневый;Пластинчатая;"Gymnopilus sapineus относится к категории несъедобных грибов. Растет повсеместно (Европа, Россия, Северная Америка), при этом в разных регионах время появления этих грибов различно. Общий срок – с конца июня по начало октября.
Предпочитает хвойники, но часто встречается и в лиственных лесах. Растет на пнях, гниющих ветках, целые группы гимнопила встречаются на валежнике.";;https://drive.google.com/open?id=1z6V6895RSar0r0D2OxcMhvx2l2Ryl1xS
12.8.2024 2:30:26;Родотус дланевидный;;Физалакриевые;Нет;Да;3;15;Ровная;Розоватый;Выпуклая;Оранжевый, лососевый, розовый;Пластинчатая;"Дланевидный родотус несъедобен. Вообще его пищевые свойства изучены мало, однако слишком жёсткая мякоть не позволяет употреблять этот гриб в пищу. Собственно эти свойства мякоти и делают описываемый вид грибов несъедобным. Родотус дланевидный принадлежит к категории сапротрофов. Он предпочитает обитать преимущественно на пнях и стволах валежника лиственных пород деревьев. Встречается одиночно или небольшими группами, преимущественно на вязовом валежнике. Существуют сведения о произрастании описываемого вида грибов на древесине клёна, американской липы, конского каштана. Грию родотус дланевидный широко распространён на территории многих европейских стран, в Азии, Северной Америке, Новой Зеландии, Африки. В смешанных хвойных и широколиственных лесах увидеть такие грибы можно очень редко. Активное плодоношение дланевидного родотуса приходится на период с весны по глубокую осень.
";;https://drive.google.com/open?id=14BiypwKV7zQzoR71LHajbkU3bH8f6wgH
12.8.2024 2:34:04;Головач продолговатый;Дождевик удлиненный;Шампиньоновые;Нет;Да;15;50;;Белый, кремовый, серовато-коричневый, охристый, коричневый. ;Выпуклая;Белый, кремовый, серовато-коричневый, охристый, коричневый. ;Гладкая;"Хороший съедобный гриб 4-й категории, как и большинство Дождевиков. Съедобен в молодом возрасте, когда мякоть белая и плотная, только пока не перешёл в стадию созревания. Можно жарить, мариновать, солить, сушить, морозить. Вкусен в жареном виде и в супе, уваривается слабо. Хорошо сохраняют вкус и аромат при сушке. Обладает рядом противомикробных, противогрибковых и антиоксидантных свойств.
Головач продолговатый (Lycoperdon excipuliforme) распространён по всему миру в зоне умеренного климата – в Европе, Северной Америке, Центральной Азии и Океании. В России также распространён в районах с умеренным климатом, встречается на территории европейской части, Сибири, Урала, Дальнего Востока.";;https://drive.google.com/open?id=1z66uAFaQ97NXGX4d-EGJxHqY0Nw-Lgn1
12.8.2024 2:37:18;Чешуйчатка чешуйчатовидная;;Строфариевые;Нет;Да;5;15;С юбкой;Беловатый, коричневатый, охряно-коричневатый, охряно-бурый, буроватый;Выпуклая;Беловатый, коричневатый, охряно-коричневатый, охряно-бурый, буроватый;Пластинчатая;Гриб официально съедобен, в отличие от упомянутой выше Чешуйчатки обыкновенной, которая относительно недавно была переведена в разряд несъедобных грибов. Для тех, кто пробовал Чешуйчатку обыкновенную, замечу, что, поскольку у Чешуйчатки чешуйчатовидной мякоть не горчит и не бывает неприятного запаха, с кулинарной точки зрения этот гриб даже лучше, чем Чешуйчатка обыкновенная. Сезон и распространение: лето и осень. Довольно широко распространен в Северной Америке, Европе, Азиатских странах. Некоторые источники указывают более узкое окно: август-сентябрь. ;;https://drive.google.com/open?id=1Bhy84-qrh9pBmTiLEMG7C2mORJSpDJyk
12.8.2024 2:40:12;Рядовка обутая;;Трихоломовые;Нет;Да;15;25;С юбкой;Белый;Вогнутая;Буровато-каштановый, буро-серый;Пластинчатая;"Рядовка обутая принадлежит к числу съедобных грибов, и обладает хорошими вкусовыми свойствами. Его особенно сильно ценят в Японии и странах Востока. Этот гриб можно жарить, при этом термическая обработка позволяет устранить неприятный привкус, оставляя лишь сладковатое послевкусие. Хороша рядовка обутая и для маринования. Рядовка обутая произрастает в хвойных (преимущественно – сосновых), а также – в смешанных (сосново-дубовых) лесах. Наиболее активное плодоношение приходится на период с сентября по ноябрь (то есть, на протяжении всей осени). Формирование плодовых тел пятнистых рядовок происходит на достаточно большой для таких растений глубине в грунте. Ножка этого гриба расположена глубоко от поверхности почвы, и поэтому при сборе урожая гриб приходится выкапывать. Аромат рядовки обутой очень своеобразен, похож на запах аниса. Интересно, что когда плодовое тело описываемого вида гриба появляется на поверхности, почва начинает сильно трещать. Такой гриб редко встречается в одиночном виде, произрастает преимущественно большими группами.


";;https://drive.google.com/open?id=1R3E9uwqD77NJMt-jpbu5NuU8WRhVBQON
12.8.2024 2:42:50;Опёнок тополиный;Полёвка цилиндрическая;Строфариевые;Нет;Да;10;30;Ровная;Беловатый, кремовый;Вогнутая;Беловатый, кремовый;Пластинчатая;Хороший съедобный гриб, сопоставимый по качествам с Опёнком осенним. По ряду оценок — очень вкусный, с плотной хрустящей текстурой, которая сохраняется при тепловой обработке, и ярким ароматом. Вид распространён в Субтропическом климатическом поясе и в южной части Северного Умеренного климатического пояса, на равнинах и в горах. Широко представлен в Средиземноморском регионе, встречается на юге Центральной и Восточной Европы, Центральной Америке и востоке Северной Америки, Северной Африке, в Юго-Восточной и Передней Азии, в Скандинавии. Отмечен в США, Чили, Канаде, Италии, Франции, Португалии, Испании, Англии, Ирландии, Китае, Японии. В России предпочитает южные регионы Европейской части и Дальнего Востока (Приморский край).;;https://drive.google.com/open?id=1ZQkgVPcCsBEnlm98RnN3zUuPq06U7Lu1
12.8.2024 18:24:52;Поплавок чёрный;Мухомор чёрный;Аманитовые;Нет;Да;10;30;Ровная;Белый;Выпуклая;Черный;Пластинчатая;"Достоверных сведений из русскоязычных источников нет. Все поплавки считаются условно-съедобными грибами, однако их мало собирают. Неопытные грибники опасаются спутать поплавок с каким-нибудь ядовитым мухомором или бледной поганкой. Кроме того, гриб достаточно хрупкий, что изрядно затрудняет его транспортировку. Растет в одиночку или небольшими группами, встречается с середины осени и до зимы (данные для западного побережья Северной Америки).
Официально отмечены наблюдения гриба на юго-западе Канады, в северной Калифорнии, имеются сведения о находках на побережье Тихого океана в штатах Орегон и Вашингтон, а так же в Британской Колумбии. Данных по другим странам пока нет, но это не значит, что Чёрный мухомор не может расти где-то в других местах земного шара.
";;https://drive.google.com/open?id=1bt4lPblXk0sJjpayQ29rwFuGc0eU-p1i
12.8.2024 18:26:51;Звездовик сводчатый;;Геастровые ;Нет;Нет;;;;;Выпуклая;желто — коричневый;Гладкая;Гриб пригоден к употреблению в самом молодом своем возрасте, когда по форме он напоминает шарик. Но в таком виде его достаточно трудно найти, так как гриб почти полностью в это время погружен в землю.  Может употребляться без предварительного  отваривания или обжаривания. Ареал распространения гриба захватывает леса умеренной российской полосы. Излюбленным местом поселения гриба являются карбонатные почвы. Звездовик сводчатый растет небольшими группами, образующими ведьмины кольца. Его активное плодоношение приходится на начало и конец осени.;;https://drive.google.com/open?id=1j-IJWF-9XDk1xSgrd6d4uht5E650tzCK
12.8.2024 18:28:25;Ежовик гребенчатый;;Герициевые;Нет;Нет;;;;;Ровная;Белый ;Гладкая;Ежовик съедобен. Гриб по вкусовых качествам похож на мясо креветок. Растет в Хабаровском крае, Амурской области, на севере Китая, Приморском крае, в Крыму и предгорьях Кавказа. Очень редко встречается в лесах на стволах живых дубов, в их дуплах и на пнях. В большинстве стран числится в «Красной книге».;;https://drive.google.com/open?id=1oFQE-U4915Xsm2ZaVIwtQbnnkuoUG_mn
12.8.2024 18:31:24;Сыроежка буреющая;Сыроежка ароматная;Сыроежковые;Нет;Да;5;15;Утолщенная вверху;Белый, красноватый;Выпуклая;Красный, пурпурный, фиолетово-пурпурный, желтовато-коричневый, буровато-оливковый;Пластинчатая;"Съедобный гриб 3 категории. Рекомендуется непродолжительное предварительное отваривание, но можно обойтись и без него, варка помогает моментально избавиться от запаха: после закипания «селёдочный» запах полностью исчезает. При жарке без предварительного отваривания соседям может показаться, что вы жарите селёдку. Но этот запах тоже довольно быстро выпаривается. Гриб употребляют вареным, жареным, маринованным или солёным. Сыроежка буреющая плодоносит с конца июня — начала июля до ноября, в хвойных и смешанных лесах, в одиночку и группами, образует микоризу с соснами и елями.
Растёт в странах Европы и Азии. В Северной Америке есть свои «селёдочные» сыроежки, очень схожие с буреющей, однако Russula xerampelina считается европейским (евразийским) видом.";;https://drive.google.com/open?id=1f2UqMDA8XCw3kVWTBj_qWBod_QO2dMGj
12.8.2024 18:32:19;Климакодон северный;;Фанерохетовые;Нет;Нет;;;;;Ровная;Белый;Гладкая;Несъедобный гриб из-за твердой консистенции. Встречается с середины июля в лесах различного типа, поражая ослабленные лиственные деревья. Однолетние плодовые тела могут держаться до осени, но в конце концов, как правило, бывают поглощены насекомыми. Сростки климакодона северного могут достигать весьма внушительных объемов — до 30 кг.;;https://drive.google.com/open?id=16tRnIBICb5wCPTAJ3Gi8xRa5da3SzpRS
12.8.2024 18:34:51;Груздь синеющий;Груздь собачий;Сыроежковые;Нет;Нет;10;30;Ровная;Беловатый, бледно-жёлтый;Выпуклая;Жёлтый, золотисто-жёлтый;Пластинчатая;Условно-съедобный гриб 2-й категории. Не менее ценный, чем Груздь настоящий и Груздь жёлтый, превосходит по пищевым качествам Груздь перечный, Груздь чёрный и Груздь осиновый. Традиционно используется солёным, квашеным и маринованным. Вид распространён в северной части лесной зоны и горных районах Северной Америки, а также северной части Европы и Азии. В России встречается на всей территории в северной лесной зоне умеренного климатического пояса, отмечен в Тверской и Московской областях.В России растёт с июля по октябрь. Образует микоризу с берёзой, ивой и елью. Предпочитает глинистые увлажнённые почвы. Растёт в хвойных и смешанных с участием берёзы лесах, в березняках, тайге, лесотундре и тундре. Встречается, одиночно и группами, в ареале распространения относительно часто, иногда очень обильно.;;https://drive.google.com/open?id=1BmYW9XWFZ6qlAzCKucD8sR8Ua2Bgr2eG
12.8.2024 18:37:29;Рогатик гроздевой;Рамария гроздевидная;Гомфовые;Нет;Да;15;60;Ровная;Желтовато-бурый, охряный, розовато-красный;Ровная;Желтовато-бурый, охряный, розовато-красный;Гладкая;Гриб съедобен, употребляется в свежем виде исключительно в молодом возрасте. Это один из самых вкусных съедобных грибов семейства Рогатиковых. Рогатик Гроздевой встречается в смешанных и лиственных лесах, преимущественно возле буков, реже под хвойными породами деревьев. Растет с июля по октябрь, пока температура почвы держится в пределах 12-20 градусов. Гриб встречается не часто.;;https://drive.google.com/open?id=1PPlO-_gT85piuT9surfWtgLjszKh1oDQ
12.8.2024 18:40:04;Сыроежка зелёная;;Сыроежуовые;Нет;Да;10;20;Утолщенная вверху;Беловатый;Выпуклая;Серовато-зеленый, желтовато-зеленый, оливково-зелёный;Пластинчатая;"Съедобный гриб со спорными вкусовыми качествами. Старые бумажные справочники относят зелёную сыроежку к грибам 3 категории и даже 4 категории. Растёт летом и осенью, одиночно или небольшими скоплениями, не редко.
Широко распространена во многих странах.";;https://drive.google.com/open?id=1TW2IOfXttvTksX6sySX_xLnOjhnF9rNr
12.8.2024 18:42:03;Рамария обыкновенная;Рогатик Инвала;Гомфовые;Нет;Нет;;;;;Ровная;Бледно-охряный, охряно-коричневый;Гладкая;Условно-съедобный (в некоторых справочниках — съедобный) гриб низкого качества, используется свежим после отваривания. Чтобы избавиться от горечи, в некоторых рецептах рекомендуется длительное, 10-12 часов, вымачивание в холодной воде, несколько раз меняя воду. Лето-осень, с начала июля до октября. Растёт на подстилке в хвойных лесах, обильно, часто, ежегодно.;;https://drive.google.com/open?id=1HaaUyca_dYnI_V_Xd3Z0j7u0VXsZ3WCy
12.8.2024 18:45:05;Трутовик ячеистый;;Полипоровые;Нет;Да;10;30;Ровная;Оранжеватый, желтоватый;Вогнутая;Оранжеватый, желтоватый;Лабиринтовидная;"Ячеистый трутовик считается съедобным в молодом возрасте. Сезон и распространение:
Обычно первые плодовые тела появляются поздней весной, но часто встречается летом и осенью. Гриб растет как поодиночке, разбросанно, так и довольно большими скоплениями. Иногда на одной небольшой ветке можно встретить с десяток грибов разного возраста и размера.";;https://drive.google.com/open?id=1h65aw6N68JaFoiheKllXe8Kojg98HhLY
12.8.2024 18:47:35;Порховка свинцово-серая;Чёртов табак;Шампиньоновые;Нет;Нет;;;;;Выпуклая;Белый, светло-коричневый;Гладкая;"Съедобный гриб 4-й категории. Съедобен в молодом возрасте, когда мякоть белая, только пока не перешёл в стадию созревания. Можно жарить, мариновать, солить, сушить, морозить.  Распространён в регионах с умеренным климатом. Отмечен в Северной Америке, Европе и Азии. В России также встречается в зоне умеренного климата Европейской части, Урала, Сибири, Дальнего Востока. Почвенный сапротроф открытых пространств. Предпочитает бедные песчаные почвы, растёт на лугах, степных пастбищах, вдоль дорог, оврагов, канав, на лесных полянах, вырубках, нарушенных участках, в редкой траве, тундре, песчаных дюнах, встречается на высокогорных альпийских лугах Кавказа. Растёт небольшими группами и одиночно, встречается относительно часто. На территории России растёт с июля по сентябрь, на юге России до ноября.
";;https://drive.google.com/open?id=1pGAU-Z0X_9pUPRWax84QIf_Zn1RIWtRe
12.8.2024 18:50:02;Строфария морщинисто-кольцевая (Кольцевик);Строфария морщинисто-кольцевая;Строфариевые;Нет;Да;5;15;Ровная;Белый;Выпуклая;Желтоватый, красно-коричневый;Пластинчатая;Кольцевик съедобный ценный гриб, по вкусу напоминает белый гриб, хотя и отличается специфичным запахом. Мякоть гриба содержит много витаминов группы В и много минеральных веществ. В нем содержится больше никотиновой кислоты, чем в огурцах, капусте и помидорах. Эта кислота благотворно воздействует на пищеварительные органы и нервную систему. Для грибов этого вида достаточно просто подготовить питательный субстрат. По сравнению с шампиньонами они не прихотливы к условиям выращивания на приусадебных участках. Кольцевик преимущественно произрастает на хорошо удобренной почве, на останках растений вне леса, реже в лиственных лесах. Период плодоношения с начала лета и до середины осени. Для приусадебного выращивания, для них выбирают защищенные от ветра, теплые места. Так же его можно выращивать под пленкой, в парниках, подвалах и на грядках.;;https://drive.google.com/open?id=1uHez1csNxGkRFbpBJN3uEwSLn0q1b94j
12.8.2024 18:52:41;Маслёнок Беллини;;Маслёнковые;Нет;Да;20;30;Утолщенная внизу;Красноватый, коричневатый;Выпуклая;Коричневый, белый;Лабиринтовидная;Масленок Беллини – съедобный гриб, который можно мариновать и отваривать. Гриб под названием Масленок Беллини предпочитает обитать в хвойных или сосновых лесах, при этом, не предъявляя особых требований к составу почвы. Может произрастать как одиночно, так и группами. Плодоношение гриба происходит только осенью.;;https://drive.google.com/open?id=1BpnwoFi4rKhjShTNY9_Zxa3hBfNhlOit
12.8.2024 18:57:27;Гигрофор пятнистый;;Гигрофоровые;Нет;Да;1;5;Ровная;Сероватый;Выпуклая;Сероватый;Пластинчатая;"Съедобен, как и подавляющее большинство гигрофоров; правда, трудно сказать, насколько именно. Считается малоизвестным съедобным грибом с нежным сладковатым вкусом, используется свежим (отваривание около 5 минут), в супах и вторых блюдах. Гигрофор пятнистый встречается с середины сентября по конец октября в хвойных или смешанных лесах, образуя микоризу с елью; в хорошие сезоны плодоносит очень большими группами, хотя общая неприметность не позволяет этому достойному гигрофору снискать славы.";;https://drive.google.com/open?id=197_cYA6i8P1AhLthZiHI7P_URTwViCvQ
12.8.2024 19:00:02;Мухомор щетинистый;;Аманитовые;Нет;Да;10;40;Утолщенная внизу;Желтоватый, белый ;Выпуклая;Белый, сероватый, светло-охряный, зеленоватый ;Пластинчатая;Мухомор щетинистый (Amanita echinocephala) принадлежит к категории несъедобных грибов. Щетинистый мухомор распространён в лиственных и смешанных лесах, где также растут дубы. Встретить такой вид грибов можно редко. Он предпочитает произрастать в прибрежных зонах около озёр или рек, хорошо себя чувствуют в известковых почвах. Большее распространение щетинистые мухоморы получили на территории Европы (преимущественно в её южных регионах). Известны случаи обнаружения этого вида грибов на Британских островах, в Скандинавии, Германии и в Украине. На территории Азии описываемый вид грибов может расти в Израиле, Западной Сибири и Азербайджане (Закавказье). Щетинистый мухомор активно плодоносит в период с июня по октябрь.;;https://drive.google.com/open?id=1Bnx1jZGZ5vn1ui_dGypOlrcKrt8XU0tg
12.8.2024 19:02:36;Опёнок ссыхающийся;;Физалакриевые;Нет;Да;5;15;Утолщенная вверху;Белый,  коричневатый, желтоватый  ;Вогнутая;Рыжевато-коричневый;Пластинчатая;Гриб под названием опенок ссыхающийся на вкус очень приятный, пригоден для употребления в пищу в различных видах. Опенок ссыхающийся (Armillaria tabescens) произрастает группами, преимущественно на стволах и ветках деревьев. Встретить их можно также на гнилых, трухлявых пнях. Обильное плодоношение данных грибов начинается в июне, и продолжается до середины декабря.;;https://drive.google.com/open?id=13EeGU4xjDl_MCPCTIXIdMP0kdvto5oJQ
12.8.2024 19:04:07;Сыроежка болотная;;Сыроежковые;Нет;Да;10;30;Ровная;Белый;Выпуклая;Ярко-красный, оранжево-красный;Пластинчатая;"Сыроежка болотная — хороший и вкусный съедобный гриб. Его используют для маринования и соления, но можно употреблять и в жареном виде. Обитание: Болотная сыроежка чаще всего встречается в хвойных лесах. Сезоном ее активного роста являются летние и осенние месяцы.
Встречается гриб в сыроватых сосновых лесах, по краю болот, на влажных торфянисто-песчаных почвах с июня по сентябрь. Образует микоризу с сосной.";;https://drive.google.com/open?id=1bsnnZVC4SjZG5gm359N6yk7fLxXMT_pQ
12.8.2024 19:06:42;Строфария полушаровидная;;Строфариевые;Нет;Да;3;8;Ровная;Бледно — желтый;Выпуклая;Охрянный, лимонный;Пластинчатая;Строфария полушаровидная признан как гриб 'Сомнительная съедобность', что указывает на потенциальные риски при употреблении. Его практическое использование ограничено из-за неоднозначной съедобности. Собиратели должны проявлять осторожность, так как он не является популярным выбором для кулинарных целей. Время сбора: с весны до осени. Местонахождение: на навозе. АКТИВHОСТЬ: отсутствует или очень незначительная.;;https://drive.google.com/open?id=1pBBRAqODGX47KvSlutewOVtMfE0J6_j-
12.8.2024 19:09:01;Боровик Берроуза;;Болетовые;Нет;Да;20;40;Утолщенная в центре;Беловатый, кремовый, розовато-коричневый, коричневый;Выпуклая;Беловатый, кремовый, розовато-коричневый, коричневый, сероватый ;Лабиринтовидная;Съедобный гриб 2-й категории. Из этого гриба готовят самые разнообразные блюда: супы, соусы, поджарки и дополнения к гарнирам. Также Боровик Берроуза можно сушить, ведь в его мякоти немного влаги. Распространён в Северной Америке, в основном на территории США.  Отмечен в Колорадо, Нью-Мексико, Аризоне, Юте, на западе Калифорнии. Период плодоношения с июня по август. Предпочитает тёплый климат, хвойные, реже, светлые лиственные (с дубом, буком, грабом, каштаном) леса. Встречается не часто малыми группами. На территории Европы и России не произрастает.;;https://drive.google.com/open?id=11IJS2qA4GvQw8SEIt6gZNNqxHvxJSde-
12.8.2024 19:11:22;Энтолома сепиум;Энтолома светло-коричневая;Энтоломовые;Нет;Да;10;20;Утолщенная вверху;Белый, кремово-белый;Вогнутая;Желтоватый, желтовато-бурый, коричнево-серый;Пластинчатая;Гриб является съедобным, используется для приготовления первых и вторых блюд, но вкуснее всего он в маринованном виде. Энтолома сепиум образует микоризу с плодовыми деревьями: абрикосом обыкновенным и боярышником джунгарским, может расти рядом со сливой, алычой, терном и другими подобными садовыми деревьями и кустарниками. Произрастает на горных склонах, но также может встречаться и в культурных плантациях (садах, парках). Часто образует рассеянные группы. Сезон роста начинается в конце апреля и заканчивается в конце июня. Этот гриб встречается в Казахстане и Западном Тянь-Шане, там, где растут деревья-симбионты. Она любит расти на северных склонах гор, в промоинах и оврагах.;;https://drive.google.com/open?id=1uXwnPzoRViMGzwZuDpCb7JjCcOR8TMwn
12.8.2024 19:14:46;Трутовик ямчатый;;Полипопровые;Нет;Да;2;4;Ровная;Коричневый, желтовато-коричневый;Ровная;Тускло-коричневый;Лабиринтовидная;Сведения противоречивы. Одно можно сказать с большой долей уверенности: гриб не ядовит. Европейская традиция относит его к несъедобным грибам, хотя он, подобно множеству других полипорусов, вполне съедобен в молодом возрасте, пока мякоть не стала слишком жёсткой. Другое дело, что ножка у него жёсткая почти всегда, а в шляпке слой мякоти катастрофически тонкий, около одного миллиметра, и есть там особо нечего. Трутовик ямчатый находится в списках съедобных грибов в таких странах, как, например, Гонконг, Непал, Папуа — Новая Гвинея и Перу.;;https://drive.google.com/open?id=1PUkqGX1owwvHEtBss9lB9zTIlbptVt_g
3.16.2025 13:47:17;Боровик красивоокрашенный;Болет красивоокрашенный;Болетовые;Нет;Да;30;50;Утолщенная внизу;Розовый, желтоватый;Выпуклая;Кремовый, розовый;Трубчатая;"В основном устанавливает микоризу с буковыми, которые растут на известняковых почвах, особенно с португальским дубом в южных краях, хотя также ассоциируется с дубом скальным и с дубом черешчатым, которые предпочитают кремнистые почвы. Произрастает с конца лета до глубокой осени. Термофильный вид, связан с теплыми регионами, особенно распространён в Средиземноморье.
Ядовит в сыром виде. Съедобен, низко-среднего качества после варки или сушки. Непопулярен для употребления из-за его редкости и токсичности.";;https://drive.google.com/open?id=1ZyooAO48qMUvYDOc8LXvg6DfDQ9LVtRk
3.16.2025 13:50:09;Головач продолговатый;Дождевик удлиненный, Головач сумчатый, Головач удлиненный;Шампиньоновые;Нет;Нет;;;;;Выпуклая;Белый, кремовый, серовато-коричневый, охристый, коричневый;Гладкая;"Головач продолговатый распространён по всему миру в зоне умеренного климата – в Европе, Северной Америке, Центральной Азии и Океании. В России также распространён в районах с умеренным климатом, встречается на территории европейской части, Сибири, Урала, Дальнего Востока.
Почвенный гумусовый сапротроф. Растёт на почве всех типов лесов, на хорошо удобренной почве опушек лесных полян и низкотравных лугах, у пастбищ и живых изгородей, на обочинах лесных дорог. Встречается не часто, одиночно и небольшими группами, иногда массово. На территории России растёт с июля по октябрь.
Хороший съедобный гриб 4-й категории, как и большинство Дождевиков. Съедобен в молодом возрасте, когда мякоть белая и плотная, только пока не перешёл в стадию созревания. Можно жарить, мариновать, солить, сушить, морозить.";Дождевик съедобный;https://drive.google.com/open?id=1Mj52unl6dQyBl9gKlBh-hxJRa4fr4B86
3.16.2025 13:52:47;Панеолус синеющий;;Псатирелловые;Нет;Да;5;10;Ровная;Белый, сероватый, голубоватый, бежевый;Выпуклая;Белый, светло-коричневый, кремовый;Пластинчатая;"На территории России панэолус синеющий распространён на Дальнем Востоке, в Приморье, а также – в центральных европейских регионах. Активное его плодоношение начинается в июне, и продолжается до конца сентября. Гриб предпочитает произрастать на луговых пастбищах, на навозе животных, местностях с травянистым ландшафтом.
Специфические внешние признаки гриба и принадлежность панэолуса синеющего к ядовитым, токсическим галлюциногенным плодовым телам не позволяют спутать этот вид с каким-либо другим.";;https://drive.google.com/open?id=1GxZBopNtVXr8syVQz7Fi09Vps9M5kqRq
3.16.2025 13:55:24;Рядовка обутая;Рядовка пятнистая, Мацутакэ, Сосновый гриб, Сосновые рога;Рядовковые;Нет;Да;15;25;С юбкой;Мучнистый, белый, сероватый;Выпуклая;Буровато-каштановый, буро-серый;Пластинчатая;"Рядовка обутая произрастает в хвойных (преимущественно – сосновых), а также – в смешанных (сосново-дубовых) лесах. Наиболее активное плодоношение приходится на период с сентября по ноябрь (то есть, на протяжении всей осени).
Рядовка обутая принадлежит к числу съедобных грибов, и обладает хорошими вкусовыми свойствами. Его особенно сильно ценят в Японии и странах Востока. Этот гриб можно жарить, при этом термическая обработка позволяет устранить неприятный привкус, оставляя лишь сладковатое послевкусие.";;https://drive.google.com/open?id=1u7DZ2ja8xZ9VPE0VTih1ZoM5jJXKQ2hY
3.16.2025 14:01:27; Вольвариелла шелковистая;Вольвариелла бомбицина;Плютеевые;Да;Да;10;25;С юбкой;Мучной, желтоватый;Выпуклая;Мучной, желтоватый;Пластинчатая;"Вольвариелла шелковистая встречается грибникам достаточно редко. Она распространена в лесах смешанного типа и в крупных природных парках. Излюбленным местом для поселения выбирает мертвые и ослабленные болезнями стволы лиственных деревьев. Из деревьев предпочтение отдает клену, иве и тополю. Период активного плодоношения длится с начала июля по конец августа.
Вольвариела пригодна к употреблению в свежем виде после предварительного отваривания. Отвар после приготовления сливается.";;https://drive.google.com/open?id=1GCKLQgtcVijjGD67Ck7lKzddKfuopC0Z
3.16.2025 14:04:20;Плютей ивовый;Плютей вербовый;Плютеевые;Нет;Да;5;10;Ровная;Сероватый, оливковый, голубоватый, зеленоватый;Выпуклая;Серовато-зелёный, серо-голубоватый, коричнево-серый, пепельно-серый;Пластинчатая;"Активное плодоношение ивовых плютеев приходится на период с июня по октябрь (а при произрастании в тёплых климатических условиях гриб плодоносит с ранней весны и до самой поздней осени). Описываемый вид грибов произрастает преимущественно в смешанных и лиственных лесах, отдаёт предпочтение влажным местностям и принадлежит к категории сапротрофов.
Ивовый плютей принадлежит к числу съедобных грибов, однако его маленькие размеры, слабый, невыразительный вкус и редкость обнаружения не дают возможности собирать этот вид и применять его в пищу.
";Плютей олений;https://drive.google.com/open?id=1wZwvSq4pXkK8bGOWUL_ALxLzmgUvi1LP
3.16.2025 14:07:22; Рядовка серебристая;Рядовка желтеющая, Рядовка резная;Рядовковые;Нет;Да;5;7;Ровная;Серый, беловатый;Выпуклая;Серый,  серо-буро-жёлтый, серебристо-коричневатый;Пластинчатая;"Рядовка серебристая произрастает в лесах различных типов. Нередко этот вид грибов можно встретить посреди парков, скверов, садов, лесозащитных полос, вдоль обочин дорог, на травянистых участках местности. Гриб предпочитает произрастать на известковых почвах. На территории России и, в частности, Подмосковья, плодоношение серебристых рядовок начинается в июне и продолжается до второй половины осени. 
Вкус у рядовки серебристой – посредственный, этот гриб рекомендуют употреблять в пищу солёным, маринованным либо свежим.";Рядовка чешуйчатая, Рядовка тигровая;https://drive.google.com/open?id=1wL0HFCyxzdR5ZG8Jor6x8zDrPu9IOHaY
3.16.2025 14:10:14;Груздь пергаментный;;Сыроежковые;Нет;Да;10;25;Утолщенная вверху;Белый, желтоватый;Ровная;Белый, желтоватый, кремоватый;Пластинчатая;"Груздь пергаментный растёт иногда большими группами в смешанных лесах.
Условно съедобный гриб, второй категории. Собирают в августе-сентябре. Годится гриб только для засола после длительного вымачивания.";Груздь перечный;https://drive.google.com/open?id=1023zfGv3rLufMrjv9M0u3O9pqOYBgRB5
3.16.2025 14:13:08;Паутинник большой;;Паутинниковые;Нет;Да;15;30;Утолщенная внизу;Белый, бледно-лиловый, бурый;Выпуклая;Серо-фиолетовый, коричневатый;Пластинчатая;"Большой паутинник произрастает преимущественно в хвойных и лиственных лесах, на почвах песчаного типа. Очень часто этот вид гриба можно встретить на лесных опушках. Широко распространён на территории многих европейских стран. Наилучшим временем для сбора большого паутинника является первый месяц осени
Паутинник большой  является съедобным грибом, который можно приготавливать сразу для употребления в пищу, или делать заготовки из гриба впрок (консервировать, мариновать, сушить).";;https://drive.google.com/open?id=1aa9GHPNH7CbqT01wx6M0UKE6yh-P7HXO
3.16.2025 14:16:08;Сыроежка зелёно-красная;Сыроежка Лайковая;Сыроежковые;Нет;Да;15;30;Утолщенная внизу;Белый, розоватый, желтоватый;Вогнутая;Фиолетово-красный, красно-коричневый, охристый;Пластинчатая;"Сыроежка зелёно-красная произрастает небольшими группами или одиночно на земле в лиственных лесах (березовые рощи, леса с примесью дуба и клена) с начала июля до конца сентября. Популярна как и в Евразии так и в Северной Америке.
Гриб съедобен и относится к третьей категории. Употребляется в соленом или вареном виде.";;https://drive.google.com/open?id=1MN2gAjzDQgL6GfwKm4n1YB1lk1OTygV8
3.16.2025 15:04:03;Подосиновик дубовый;;Болетовые;Нет;Да;20;50;Утолщенная внизу;Беловатый, коричневатый;Выпуклая;Коричневый, сине-лиловый, кирпичный, оранжеватый;Трубчатая;Подосиновик дубовый растет с июня до конца сентября небольшими группами, предпочитая, в отличие от своего более известного родственника, заключать союз с дубом. ;Подосиновик сосновый, Подосиновик еловый, Подосиновик красный;https://drive.google.com/open?id=1Icvvpwn_OdVDIgGrV4RVV76rTrzxxsfg
3.16.2025 15:06:02;Обабок дальневосточный;;Болетовые;Нет;Да;20;35;Утолщенная внизу;Бурый, охряный;Выпуклая;Буроватый, желтоватый;Трубчатая;"Встречается в южной части Приморского края, произрастает в дубняках. Местами произрастает достаточно обильно. Время плодоношения август – сентябрь.
Обабок дальневосточный годен для употребления в пищу.";;https://drive.google.com/open?id=1uXuhML60Q1XCFDLC13N1l5GMlqrXt8fm
3.16.2025 15:10:08;Болетин азиатский;;Маслёнковые;Нет;Да;15;25;Утолщенная вверху;Грязно-оливковый, красноватый, желтоватый;Ровная;Пурпурно-красный;Трубчатая;"Болетин азиатский произрастает только в Западной и Восточной Сибири, на Дальнем Востоке (преимущественно в Амурской области), а кроме того на Южном Урале. Распространен среди лиственницы, и в ее культурах встречается в Европе (в Финляндии). Период плодоношения наступает в августе-сентябре. Гриб образует с лиственницей микоризу, поэтому растет только там, где есть эти деревья.
Относится к числу съедобных грибов.";;https://drive.google.com/open?id=1AByLlhBA6n1A4ERqicyDU2-gE7M3ESks
3.16.2025 15:12:56;Рыжик красный;Рыжик кровавый, Рыжик кроваво-красный, Млечник красный;Сыроежковые;Да;Да;10;25;Утолщенная вверху;Тёмно-красноватый;Вогнутая;Красновато-оранжевый, светло-красный, красновато-коричневый, кроваво-красный;Пластинчатая;"Период плодоношения с августа по ноябрь. Образует микоризу с сосной. Растёт в сосновых и смешанных с сосной лесах, на известковых почвах в светлых местах, предпочитает гористую местность, любит расти под папоротником, теплолюбивый вид. В странах СНГ встречается не очень часто, группами.
Превосходный съедобный гриб 1-й категории. Используется солёным, маринованным, варёным, жареным.";Рыжик настоящий;https://drive.google.com/open?id=1Wiof06M-MJ1k1U5l-25dC56mpWDAY5Jj
3.16.2025 15:15:53;Сыроежка сереющая;Сыроежка выцветающая;Сыроежковые;Нет;Да;10;20;Утолщенная внизу;Белый, сероватый;Ровная;Желтовато-красно-оранжевый, желто-коричневый;Пластинчатая;"Сыроежка сереющая широко распространена в еловых лесах Евразии, а также в Северной Америке, однако во многих странах редка и занесена в местные Красные книги.
Гриб съедобен, третьей категории. В пищу употребляется шляпка в свежем и соленом виде.";;https://drive.google.com/open?id=1jQvxBJnqpj7rDRNg62kdrQic6o3dnkml
3.16.2025 15:18:41;Болетин болотный;Решётник болотный, Маслёнок ложный, Иванчик;Маслёнковые;Нет;Да;10;20;Утолщенная вверху;Желтый, красноватый;Выпуклая;Бордовый, вишнёво-красный, пурпурно-красный, желтоватый, красно-охристый;Трубчатая;"Болетин болотный обитает в лиственничниках и смешанных лесах с присутствием лиственницы, в сухих и влажных местах, в июле – сентябре. Широко распространен в Западной и Восточной Сибири, а также на Дальнем Востоке. В европейской части России встречается в культурных насаждениях лиственницы.
Болетин болотный — Съедобный гриб, но высокими вкусовыми качествами не отличается.";Болетин азиатский;https://drive.google.com/open?id=1CD9XiTTTE3_ugNqNNE4DZvoQPYi7YzVF
3.16.2025 15:20:36;Млечник неедкий;Млечник оранжевый;Сыроежковые;Нет;Да;5;10;Ровная;Светло-оранжевый, желтоватый;Ровная;Оранжевый ;Пластинчатая;"Млечник неедкий встречается с середины лета до октября месяца как в хвойных, так и в смешанных лесах, предпочитая образовывать микоризу с елью. Часто может быть обнаружен во мху, где и выглядит наиболее характерно.
Млечник неедкий — съедобный гриб; однако любой грибник без подготовки назовет вам десяток видов, плодоносящих в те же сроки, которые будут гораздо более уместны в корзине, нежели чем млечник неедкий.";;https://drive.google.com/open?id=1NyrHJW8cmnE7dI8-La9glgy-xw-Vhi_a
3.16.2025 15:22:36;Шампиньон плоскошляпковый;;Шампиньоновые;Нет;Да;10;15;Ровная;Мучноватый, белый;Выпуклая;Белый, сероватый, серовато-коричневый;Пластинчатая;"Встречается, как правило, осенью в лиственных и смешанных лесах, иногда вблизи жилья.
Гриб в некоторых источниках объявлен несъедобным, в других слабо ядовитым. Лучше избегать употребления в пищу, так как у некоторых людей может вызвать желудочно-кишечные расстройства. ";Шампиньон лесной;https://drive.google.com/open?id=1Zt2E9-tLT0ALh4AIi-hNPrzQoINM2eAd
3.16.2025 15:24:43;Сыроежка розовая;;Сыроежковые;Нет;Да;15;30;Ровная;Белый, розоватый, желтоватый;Выпуклая;Красноватый, розоватый, бархатный;Пластинчатая;"Гриб повсеместно распространен в лесах Евразии, Северной Америки. Излюбленные его леса – широколиственные, но часто он может быть встречаться в хвойных лесах. Кроме того, сыроежка красивая обитает и в горных регионах. Здесь его излюбленное место – склоны холмов.
Некоторые знатоки грибов относят его к условно-съедобным и даже ядовитым. Гриб также подходит для употребления в соленом виде.";;https://drive.google.com/open?id=1NOTdlE4UHVCpRuAbfijDRGJoTnL-WOzl
3.16.2025 15:27:09;Млечник ароматный;Груздь ароматный, Солодчак, Млечник пахучий, Млечник кокосовый, Млечник душистый;Сыроежковые;Нет;Да;5;15;Ровная;Сероватый, желтоватый, бледно-кремовый;Вогнутая;Сиренево-серый, охристо-серый, розово-коричневый;Пластинчатая;"Период плодоношения млечника ароматного приходится на период с августа по октябрь. Плодовые тела гриба произрастают под берёзами, в смешанных и лиственных лесах. Часто грибники встречают их посреди опавших листьев.
Млечник ароматный принадлежит к числу условно-съедобных грибов. Его чаще употребляют в солёном виде, а также в качестве хорошего ароматизатора к различным видам блюд.";Млечник блёклый;https://drive.google.com/open?id=1ZO2ut3cRT-Ef5KLX74rgxr7uI7Q-g9jW
3.16.2025 15:29:09;Строфария корончатая;Строфария рыжая, Кольцевик корончатый, Строфария украшенная;Гименогастровые;Нет;Да;15;20;С юбкой;Беловатый, желтоватый;Выпуклая;Серо-желтый, желтый, лимонный;Пластинчатая;"Встречается Строфария корончатая на лугах и пастбищах. Предпочитает унавоженные и песчаные почвы. Может расти и на равнинах и на невысоких холмах. Растет небольшими группами, скорее рассеяно. Никогда не образует больших скоплений. Чаще произрастает поодиночке или по два-три гриба в сростке. Период плодоношения с лета и до конца осени.
О съедобности строфарии корончатой имеются противоречивые сведения. Одни источники указывают, гриб, как условно-съедобный, другие, как гриб несъедобный. Так же есть информация, что гриб возможно ядовит. Поэтому, скорее всего, употреблять в пищу его не стоит.";;https://drive.google.com/open?id=1uhQOmvXtwbgjAu-f939wJJzYUcTKxA2N
3.16.2025 15:31:25;Лепиота каштановая;Зонтик каштановый, Каштановый рыжик;Шампиньоновые;Нет;Да;2;10;Ровная;Красноватый, бело-кремовый, коричневатый;Выпуклая;Красноватый, коричневый;Пластинчатая;"Встречается в хвойных и лиственных лесах, преимущественно поодиночке или небольшими группами, на почве, подстилке. Предпочитает сосны, каменистые, известковые и песчаные почвы. Реже встречается у плосколистных растений, таких как каменный дуб и пробковый дуб. Растёт не только в лесах под деревьями, может заселять обочины дорог, лужайки, открытые тенистые места.
Ядовитый гриб. Ряд источников осторожно пишет, что Лепиота каштановая «не рекомендуется к сбору», так как большинство лепиот ядовиты, и чтобы избежать потенциальной угрозы, не надо их собирать.";;https://drive.google.com/open?id=1Ds38LlB5jvc_N8th9FTMHfJ_A_Tbd_jC
3.16.2025 15:33:28;Мухомор шишковидный;;Аманитовые;Нет;Да;15;25;Ровная;Белый;Ровная;Белый, сероватый, кремовый;Пластинчатая;"Места обитания -лиственные дубовые леса, парки, известковая почва. В России мухомор шишковидный встречается только в Белгородской области, где известно несколько местонахождений в Новооскольском и Валуйском районах. Кроме того, встречается в Эстонии, Латвии, на Украине, в Восточной Грузии, а также в Центральном и Восточном Казахстане, в Западной Европе, за исключением ее северной части.
Условно-съедобен, однако можно спутать с ядовитыми представителями рода. По этому употреблять категорически не рекомендуем, если не уверены на 100%.";;https://drive.google.com/open?id=1oi26kzvXksbK7KV2GDi9vPP8QkL1oCYH
3.16.2025 15:36:05;Ежовик шероховатый;Саркодон шероховатый;Банкеровые;Нет;Да;10;25;Утолщенная вверху;Бледно-коричневый;Вогнутая;Красновато-коричневый, пурпурно-коричневый;Пластинчатая;"Ежовик шероховатый относится к группе видов, микоризных с хвойными и твердолиственными породами деревьев; растет в одиночку или или группами. Плодоносит с конца лета и всю очень.
Этот гриб считается несъедобным из-за горького вкуса.";Ежовик пестрый;https://drive.google.com/open?id=1m87-_CggpUq6yPnXi8F7yVzAyO_0s4Qw
3.16.2025 15:38:22;Рядовка сросшаяся;Лиофиллум сросшийся;Рядовковые;Нет;Да;5;10;Утолщенная вверху;Белый, сероватый;Ровная;Белый, сероватый;Пластинчатая;"Встречается с начала осени  до конца октября в лесах различного типа, предпочитая разреженные участки, нередко растет вдоль лесных дорог и на самих дорогах. Как правило, плодоносит сростками (пучками), объединяющими 5-15 экземпляров разного размера.
Гриб съедобен, но, по единодушным утверждениям видных авторов, совершенно невкусен. Согласно недавним исследованиям, Рядовка сросшаяся может содержать производные ядовитого вещества гиромитрин.";Говорушка восковатая;https://drive.google.com/open?id=1icMxs_YJ3nEX0uOMRUoCmBVOCZgQ2PNv
3.17.2025 21:21:00;Энтолома весенняя;Розовопластинник весенний;Энтоломовые;Нет;Да;5;15;Ровная;Серо-коричневый, черно-коричневый, оливковый;Вогнутая;Серо-коричневый, черно-коричневый, оливковый;Пластинчатая;"Энтолома весенняя растет с середины мая до середины или конца июня на лесных опушках, реже в хвойных лесах, предпочитая песчанные почвы.
И наши, и зарубежные источники относят Энтолому весеннюю к ядовитым грибам.";;https://drive.google.com/open?id=1RvqMEwEPMeUszTgIupaO7g_bc86fOssg
3.17.2025 21:22:55;Псатирелла Кандолля;Ложноопёнок Кандолля, Хруплянка Кандолля, Гифолома Кандолля;Псатирелловые;Нет;Да;5;10;Ровная;Беловато-кремовый;Выпуклая;Серовато-белый, желто-коричневый;Пластинчатая;"Время плодоношения – с мая и до начала осени. Псатирелла Кандолля встречается в лиственных и смешанных лесах, в огородах и парках, преимущественно на корнях и пнях лиственных деревьев. Произрастает большими группами.
Старые источники причисляют гриб Псатирелла Кандолля к несъедобным и даже ядовитым грибам, но современная литература называет его вполне пригодным для употребления грибом, требующим предварительного отваривания.";;https://drive.google.com/open?id=1LdPAjA4M2WBCYfjgxNWJf4paCdRdxHYx
3.17.2025 21:25:49;Катателазма вздутая;Шампиньон сахалинский;Катателазмовые;Нет;Да;25;35;С юбкой;Беловатый, светло-коричневатый, сероватый;Ровная;Белый, кремовый;Пластинчатая;"Шампиньон сахалинский растет летом и осенью в хвойных лесах. На территории России встречается в хвойных и смешанных лесах Дальнего Востока. У этого гриба на беловатой шляпке часто образуются характерные серые пятна.Предположительно микоризная. Растет летом и осенью в одиночку или небольшими группами на земле под хвойными деревьями.
Катателазма вздутая считается съедобным грибом высокого качества. В некоторых странах имеет промысловое значение. Употребляется в любом виде, можно варить, жарить, тушить, мариновать. ";Катателазма императорская, Рядовка массивная;https://drive.google.com/open?id=1Y-76kcmmVOhbwtqsjU-4IuzNe_MGHean
3.17.2025 21:28:16;Шишкогриб хлопьеножковый;;Болетовые;Нет;Да;10;30;Ровная;Серо-белый, серый, серовато-оливково-коричневый, черноватый;Выпуклая;Серо-коричневый, черно-коричневый;Трубчатая;"Шишкогриб хлопьеножковый распространен во всем умеренном поясе северного полушария, был видимо занесен и в южное. Растет летом и осенью в хвойных и лиственных лесах, предпочитая холмы и кислые почвы. В низинах он образует микоризу с буками, а в местах расположенных выше растет под елями и пихтами. Плодоношение одиночно или малыми группами.
Шишкогриб хлопьеножковый не ядовит, но старые жесткие ножки плохо перевариваются. В Германии признан несъедобным, в Америке отнесен к числу хороших грибов, в большинстве стран Европы его собирают, но считают низкокачественным.";;https://drive.google.com/open?id=12Il-5HAKAIpO1XKZ8HIVSaowqUqV2MlY
3.17.2025 21:30:22;Паутинник красивейший;Паутинник красноватый;Паутинниковые;Нет;Да;25;50;Ровная;Оранжево-бурый, охристый, лимонно-желтый;Выпуклая;Рыжевато-оранжевый, красновато-оранжевый, коричневый;Пластинчатая;"Растёт во влажных хвойных лесах. Встречается преимущественно среди мхов с мая по сентябрь.
Гриб смертельно ядовит. ";;https://drive.google.com/open?id=1FyFZUv4XaZMqDuMZXF5I8eCDq0kfeWX7
3.17.2025 21:37:55;Рядовка перевязанная;Рядовка опёнковидная;Рядовковые;Нет;Да;20;30;С юбкой;Грязно-белый, рыже-коричневый;Ровная;Рыжевато-бурый;Пластинчатая;"Рядовка перевязанная встречается в сосновых лесах. Плодоносит в августе-октябре поодиночке или небольшими группами. Предпочитает зеленые мхи или песчаные почвы.
Гриб можно употреблять в пищу, после предварительного отваривания в течение 20 минут. Отвар необходимо сливать.";;https://drive.google.com/open?id=1MidZ1AKHvW4SxCGz1YpA_VH4zivMy5T6
3.17.2025 21:41:27;Боровик розовокожий;Болет розовокожий;Болетовые;Нет;Да;40;60;Утолщенная в центре;Ярко-красный, жёлтый;Выпуклая;Коричнево-серый, грязно-желтый, красноватый;Трубчатая;Несмотря на то, что боровик розовокожий можно найти нечасто, известны случаи отравления именно этим грибом. Он ядовит как в сыром виде, так и после проведения тщательной обработки. ;;https://drive.google.com/open?id=1CXgfQszdLPz3eLMYS8YqqhfB2ZZdThz_
3.17.2025 21:43:22;Подберезовик болотный;;Болетовые;Нет;Да;10;20;Ровная;Белый, сероватый;Выпуклая;Желтоватый, кремовый;Трубчатая;"Встречается с начала мая до начала ноября (т.е до устойчивых морозов) в сырых березовых и смешанных (с березой) лесах, на березовых болотах, одиночно, не часто.
Съедобный гриб, третьей категории. ";;https://drive.google.com/open?id=1maHEpyGKhQJ4ws1bP9JAd-cT8UvD14mu
3.17.2025 21:45:28;Моховик древесный;;Болетовые;Нет;Да;15;60;Ровная;Желтый, рыжеватый;Выпуклая;Красно-коричневый, желтоватый;Трубчатая;"Моховик древесный растет на древесине – пнях, у основания стволов и на опилках горных пород, в июле-сентябре. В Европе и Северной Америке. в России не отмечен.
Несъедобен.";Моховик полузолотистый;https://drive.google.com/open?id=1CcqB_nu2YA4wt4XotvyoBQDbmcSZE69c
3.17.2025 21:47:33;Псатирелла каштановая;Гомофрон каштановый;Псатирелловые;Нет;Да;5;15;Ровная;Белый;Ровная;Коричневый, розовато-коричневый, красновато-коричневый;Пластинчатая;"Обитает с начала лета и до середины осени на древесине лиственных пород (в первую очередь береза, осина), на сухостое, а также у основания стволов живых и мертвых деревьев, пней.
Хороший съедобный гриб.";Псатирелла каштановая;https://drive.google.com/open?id=1UNGjYQJi8LAmy1fjvtXBXmFVu8Yz3TM1
3.17.2025 21:49:23;Гебелома горчичная;;Гименогастровые;Нет;Да;5;15;Утолщенная внизу;Белый, буроватый;Выпуклая;Кремовый, красновато-бурый;Пластинчатая;"Гебелома горчичная встречается в природе очень часто. Растет летом и осенью в хвойных и лиственных лесах, чаще на опушках леса. Плодоносит и растет большими группами.
Гебелома горчичная является токсичным и ядовитым.
";;https://drive.google.com/open?id=1bfKgwloeWP_js3CdXGD06yp3jecKSb4J
3.17.2025 21:51:08;Зонтик Моргана;Лепиота Моргана, Хлорофиллюм Моргана;Шампиньоновые;Нет;Да;;;С юбкой;Беловатый, буроватый;Выпуклая;Белый, светло-коричневый;Пластинчатая;"Зонтик Моргана растет на открытых местах, лугах, газонах, полях для гольфа, реже в лесу, одиночно или группами, иногда образуя «ведьмины кольца». Встречается с июня по октябрь.Распространение в России не известно.
Сильно ядовитый гриб. Содержит ядовитый белок.";;https://drive.google.com/open?id=1Q1YH5IAfRC08LnmU-nTbDfzrRCXoZq2T
3.17.2025 21:53:06;Паутинник браслетчатый;Паутинник красный;Паутинниковые;Нет;Да;15;25;Ровная;Беловатый, красно-буроватый;Выпуклая;Оранжевый, красно-коричневый;Пластинчатая;"Паутинник браслетчатый встречается с начала августа и до конца «теплой осени» в лесах различного типа (очевидно — на бедных кислах почвах, но не факт), образуя микоризу как с березой, так и, возможно, с сосной. Селится во влажных местах, по краям болот, на кочках, во мхах.
С одной стороны, паутинник браслетчатый вроде бы съедобен. С другой — как и все прочие паутинники, съедобен весьма и весьма условно.";;https://drive.google.com/open?id=1oqZZkPlRYWkfIpSXkhWYhPdkkZb3I1zb
3.17.2025 21:55:12;Весёлка Хадриана;;Весёлковые;Нет;Да;30;45;Утолщенная в центре;Белый, мучной;Выпуклая;Грязно-коричневатый, черный, коричневый;Гладкая;"Встречается довольно редко. Произрастает в лиственных лесах или в садах, в основном растёт на песчаной почве. Редко встречаются группы грибов. Споры разбрасывает с июля до октября.
Пока мякоть гриба не потемнела, его можно употреблять в пищу. Используется в основном в лекарственных целях.";Веселка обыкновенная;https://drive.google.com/open?id=1LXuLJYpbLtUxzGYSi_pHhgeyGYyR8-zl
3.17.2025 21:56:53;Рядовка обособленная;;Рядовковые;Нет;Да;15;30;Утолщенная внизу;Белый, зеленоватый, оливковый;Выпуклая;Бледно-зеленоватый, коричневатый;Пластинчатая;Встречается в хвойных и лиственных лесах. Предпочитает сырые и кислые почвы с некоторыми лиственными деревьями может образовывать микоризу. Время плодоношения – август — сентябрь.;Рядовка зеленая;https://drive.google.com/open?id=1izqbDn5a_SL3lteIShupH1oGJODRDWpH
3.17.2025 21:58:34;Боровик Фехтнера;Болет Фехтнера, Болетус Фехтнера;Болетовые;Нет;Да;20;60;Утолщенная внизу;Желтоватый, красно-бурый;Выпуклая;Серебристо-белый, бледно-буроватый;Трубчатая;"Боровик Фехтнера встречается на известковой почве в широколиственных лесах. Растет на Кавказе и Дальнем Востоке, а также России. Сезон на это гриб, то есть период его плодоношения, длится с июня по сентябрь.
Гриб съедобный. Можно употреблять в свежем, соленом виде, а также консервировать. Его относят к третьей категории вкусовых качеств.";;https://drive.google.com/open?id=1wDRIR5U3OXx3DUuDSfYBmzW-wsH31esG
3.17.2025 22:00:24;Обабок окрашенноногий;Гаррия окрашенноножковая, Подосиновик окрашенноногий, Березовик окрашенноножковый;Болетовые;Нет;Да;15;30;Утолщенная в центре;Белый, пурпурный, розовый;Выпуклая;Розовый, желтоватый;Трубчатая;"Этот вид гриба североамериканско-азиатский. В России известен лишь в Восточной Сибири (Восточный Саян) и на Дальнем Востоке. Обабок окрашенноногий растет на почве под березой в сухих дубовых и дубово-сосновых лесах в июле-сентябре, нередко.
Съедобный гриб (2 категории). Возможно использование в первых и вторых блюдах (отваривание около 10–15 минут). При обработке мякоть чернеет.";;https://drive.google.com/open?id=1TmgeYSVMFB1EC2J3zfAiMbh-K29hQRP8
3.17.2025 22:02:13;Чешуйчатка огненная;;Строфариевые;Нет;Да;15;30;Ровная;Огненно-желтый, оранжеватый;Выпуклая;Огненно-желтый, оранжеватый;Пластинчатая;"Чешуйчатку Огненную можно найти летом и осенью, пик плодоношения приходится на вторую половину лета — начало осени. Встречается в хвойных лесах любого типа и в смешанных с хвойными: елью, сосной, пихтой, лиственницей. Растёт на мёртвой древесине хвойный пород, редко встречается на лиственных, по литературным данным, из лиственных предпочитает берёзу. Как правило, плодовые тела вырастают одиночно, небольшими скоплениями.
Считается несъедобной из-за неприятного запаха и горького, неприятного вкуса.
Данных о ядовитости нет.";Чешуйчатка золотистая, Чешуйчатка боровая;https://drive.google.com/open?id=1aCH4lQRRVLrUmVSm2hBoONWbUHllfCA9
3.17.2025 22:03:38;Сыроежка миндальная;Сыроежка лавровишневая;Сыроежковые;Нет;Да;10;20;Ровная;Белый, коричневатый;Выпуклая;Бело-коричневатый, светло-оранжевый;Пластинчатая;"Сыроежку лавровишневую можно встретить рассеянными ареалами, преимущественно летом и в осеннее время. Обитает чаще всего в лиственных и смешанных лесах, очено редко – в хвойных. Любит расти под дубами, буками. Обычно произрастает одиночно.
Относится к съедобным грибам.";;https://drive.google.com/open?id=1MJmkb121RBJP_ju9ZPYmiGEnM9C1yj1P
3.17.2025 22:05:37;Млечник буроватый;Млечник тёмно-бурый, Млечник сажистый;Сыроежковые;Нет;Да;15;30;Ровная;Светло-бурый, грязно-беловатый;Выпуклая;Бурый, желтоватый, розоватый;Пластинчатая;"Млечник буроватый появляется в июле, предпочитая широколиственные и березовые леса, и растет приблизительно до середины сентября.
Млечник буроватый съедобен.";Млечник бурый;https://drive.google.com/open?id=1dBa3HNjD8F1sd1m-KR-PbIXxay_uSoIz
3.17.2025 22:07:22;Шампиньон Бернарда;;Шампиньоновые;Нет;Да;15;25;Утолщенная вверху;Белый, грязно-белый, розововатый, коричневатый;Выпуклая;Белый, грязно-белый, розововатый, коричневатый;Пластинчатая;"Встречается в местах, где происходит засоление почвы: в прибрежных морских районах или вдоль дорог, посыпаемых зимой солью, плодоносит обычно большими группами. Также на газонах и травянистых участках, может образовывать «ведьмины круги».Сезон лето — осень.
Гриб съедобен, но невысокого качества, нежелательно употреблять грибы, растущие в загрязнённых местах вдоль автодорог.";Шампиньон двукольцевой;https://drive.google.com/open?id=1qqMVgi37Ua_O0yh_RMdJtljVxyzH-pZz
3.17.2025 22:09:09;Мухомор королевский;;Аманитовые;Нет;Да;15;35;Ровная;Беловатый, кремовый;Выпуклая;Охряно-коричневый, белый, желто-охряный;Пластинчатая;"Мухомор королевский распространен с середины июля до поздней осени, до ноября, в хвойных еловых лесах и смешанных (с елью), на почве, одиночно и небольшими группами, редко, чаще встречается в более северных и западных регионах
Мухомор королевский считается ядовитым грибом";;https://drive.google.com/open?id=1D7_45UrADNXwD1YPsy1iVsmvVSiszrM5
3.17.2025 22:10:33;Рядовка серно-жёлтая;Рядовка серная;Рядовковые;Нет;Да;5;15;Ровная;Беловато-серно-желтый;Выпуклая;Ярко-серно-желтый;Пластинчатая;"Рядовка серно-жёлтая растёт в лиственных и хвойных лесах на земле и на пнях в августе — сентябре.
Гриб несъедобен из-за неприятного вкуса и запаха.";Зеленушка;https://drive.google.com/open?id=1UXjFTexoF3485jyYrclomVJEPWzWIpsB
3.17.2025 22:13:25;Опенок луковичноногий;Опёнок осенний;Физалакриевые;Нет;Да;5;15;Ровная;Серовато-бурый, желтоватый;Выпуклая;Коричневато-серый, беловато-желтый, желтовато-коричневый;Пластинчатая;"Сапротроф на старом валеже, на погружённой в землю мёртвой и живой древесине, редко растёт как паразит на ослабленных деревьях. Произрастает на лиственных деревьях. Опенок луковичноногий растёт и на почве — либо на корнях, либо на перепревших остатках травы и листового опада. Встречается как в лесах под деревьями, так и на открытой местности: на полянах, опушках, лугах, парковых зонах.
Плодоносит с конца лета и до поздней осени.
Опенок луковичноногий — съедобный гриб.";Опёнок осенний, Опенок толстоногий;https://drive.google.com/open?id=163NCrCCsYPhKO4TOOj3FHCGLBJ_CHEUu
3.17.2025 22:14:52;Шампиньон пёстрый;;Шампиньоновые;Нет;Да;10;15;С юбкой;Белый, розоватый, коричневатый;Выпуклая;Дымчато-сероватый, коричневатый;Пластинчатая;"Этот гриб встречается в степной и лесостепной Украине. Встречается в лесистых местностях, парках, на плодородной, чаще щелочной почве, плодоносит группами или кольцами на плодородной почве. Распространён в северной умеренной зоне, встречается относительно редко, местами.
Ядовитый гриб. Интересно, что восприимчивость к нему людей различна. Некоторые могут употреблять в пищу небольшие количества его без вреда. В некоторых руководствах его ядовитость не отмечена.";;https://drive.google.com/open?id=1gJCIGZHg5N0gmFJbduT_2uduwg3_u0eu
5.12.2025 21:37:46;Подольшаник;Гиродон сизоватый;Свинушковые;Нет;Да;15;25;Ровная;Желтовато-коричневатый, грязно-розовый;Выпуклая;Желтовато-коричневатый, грязно-розовый;Трубчатая;"Произрастает подольшаник в ольшаниках и образует микоризу с ольхой. Распространен он только в Европе. Встречается редко.
Съедобен, но невысокой ценности.";;https://drive.google.com/open?id=1HJrF1kuA-2FiJQqGNS6Z_Zphzid3EPai
5.12.2025 21:40:25;Маслёнок кедровый плачущий;;Маслёнковые;Нет;Да;10;25;Ровная;Охряно-коричневый, желтоватый;Выпуклая;Коричневый, желто-коричневатый;Трубчатая;"Произрастает в хвойных и кедровых рощах. Больше всего кедровых маслят в сухом бору и лишайниковом сосняке. Маслята охотнее плодятся среди мелких хвойных порослей и в новых посадках. Эти грибы довольно часто встречаются в Сибири и на Дальнем Востоке — с сибирским и корейским кедрами и с кедровым стлаником. Это наиболее часто встречающийся в Сибири вид масленка вообще. Растет в дубово-кедровых, кедрово-широколиственных, кедрово-еловых и пихтово-кедровых лесах под кедром корейским, в августе — сентябре. Наиболее обилен в лесах на южных склонах.
Маслята собирают с лета до осени. Цветение сосны — верная примета — пора за масленком кедровым.
Съедобен.";;https://drive.google.com/open?id=1iEHC5kZ6yzOHUwF--Pc9D-6_yBBxtpCm
5.12.2025 21:43:35;Сыроежка кроваво-красная;;Сыроежковые;Нет;Да;15;25;Ровная;Розовато-красный, белый, сероватый, желтоватый;Выпуклая;Кроваво-красный, тёмно-красный, красный, розово-красный, ярко-красный, карминно-красный, желтовато-красный, беловато-красноватый;Пластинчатая;"Сыроежка кроваво-красная образует микоризу с соснами, особенно охотно — с 2-х игольчатыми соснами и, возможно, с другими хвойными. Растёт на почве или хвойной подстилке в лесах разного типа, где есть сосны.
Растет как одиночно, так и довольно большими скоплениями, «полянами».
Плодоносит с середины лета до поздней осени, в теплых регионах и зимой, пик плодоношения август — октябрь.
В относительно старых справочниках Сыроежка кроваво-красная относилась к условно-съедобным грибам 4-й категории (съедобен после обязательного отваривания).
Современные справочники довольно единодушно ставят метку «Несъедобен».";;https://drive.google.com/open?id=1UjgftoigTkURfeYErZPhy2aNML3k1MPE
5.12.2025 21:45:05;Лисичка желтеющая;;Лисичковые;Нет;Да;5;10;Ровная;Желтый, оранжевый, рыжеватый;Выпуклая;Желто-коричневый, темно-коричневый;Пластинчатая;"Распространен в августе и сентябре в хвойных, чаще еловых, лесах, группами, не часто.
Считается съедобным грибом (4 категории), используется свежим (отваривание около 15-20 минут) и сушеным.";;https://drive.google.com/open?id=1pfz-CS2LX1qaGOBNFkWPBlRch_IEymml
5.12.2025 21:47:33;Подберезовик разноцветный;Обабок разноцветный;Болетовые;Нет;Да;20;30;Утолщенная внизу;Белый, сероватый, светло-коричневатый;Выпуклая;Белый, серый;Трубчатая;"Подберезовик разноцветный плодоносит как и его обыкновенный собрат, с начала лета и до конца октября, образуя микоризу преимущественно с березой; встречается в основном в болотистой местности, во мхах. В наших краях относительно редок, увидишь его нечастно, а в южной России, судя по рассказам очевидцев, вполне обыкновенный гриб.
Хороший съедобный гриб.";Подберезовик розовеющий;https://drive.google.com/open?id=1W7ZIW-RXI9UXdO7ldG0F0Ro9WdM86Oh3
5.12.2025 21:49:44;Белопаутинник луковичный;Белопаутинник клубненосный;Рядовковые;Нет;Да;10;20;Ровная;Белый, сероватый;Выпуклая;Кремовый, грязно-оранжевый;Пластинчатая;"Встречается с августа по октябрь в хвойных и смешанных лесах, образуя микоризу с сосной и елью.
Считается съедобным грибом среднего качества.";Красный мухомор;https://drive.google.com/open?id=1rhvksl_vvxbPZX4CC94w7Z3mDvMlZ8f_
5.12.2025 21:52:46;Хлорофиллум тёмно-бурый;Хлорофиллум коричневый, Зонтик тёмно-бурый, Зонтик коричневый;Шампиньоновые;Нет;Да;15;25;С юбкой;Беловатый, тускло-коричневатый;Выпуклая;Тускло-серовато-коричневый, белый, коричневый, серо-коричневый;Пластинчатая;"Сапрофит, растет одиночно, рассеянно или большими скоплениями на плодородной, хорошо унавоженной почве в садах, на пустырях, лужайках или в теплицах и оранжереях; иногда образует ведьмины кольца. Зонтик коричневый плодоносит летом и осенью, до холодов.
Распространён в США в прибрежной Калифорнии, на западном побережье и в районе Денвера; редко встречается на северо-востоке Северной Америки. 
Данные о съедобности крайне противоречивы. Разные источники указывают Хлорофиллум тёмно-бурый съедобным, условно-съедобным и «предположительно ядовитым». Может вызывать аллергические реакции.
Есть упоминания о том, что в каких-то ранних источниках описывались даже некоторые галлюциногенные свойства.";Зонтик краснеющий, Хлорофиллум Оливье, Зонтик пёстрый;https://drive.google.com/open?id=1tNtCVxcVZ1iQOJGSorz3a9R5XKq38l1P
5.12.2025 21:55:04;Паутинник багряный;;Паутинниковые;Нет;Да;15;25;Утолщенная внизу;Бурый, оливково-бурый, красновато-коричневый, голубоватый;Выпуклая;Бурый, оливково-бурый, красновато-коричневый, голубоватый;Пластинчатая;"Активное плодоношение паутинника багряного приходится на осенний период. Гриб этого вида можно встретить в смешанных, лиственных или хвойных лесах, в основном, в конце августа и на протяжении сентября.
Информация о том, съедобен ли паутинник багряный, является противоречивой. В одних источниках говорится, что данный вид грибов разрешено употреблять в пищу, в других же обозначено, что плодовые тела данного гриба не годятся для еды, поскольку обладают низкими вкусовыми качествами. Условно паутинник багряный можно назвать съедобным, в основном его употребляют в пищу солёным либо замаринованным. Пищевые свойства вида изучены мало.";;https://drive.google.com/open?id=1LtbsVviFVuMX1bHwcvTksLwcS_iBN9Hz
5.12.2025 21:57:33;Ксерула корневая;Удемансиелла корневая, Коллибия хвостатая, Денежка корневая, Collybia radicata, Одимансиелла лучистая;Физалакриевые;Нет;Да;5;10;Ровная;Коричневый, беловатый;Выпуклая;Оливковый, серовато-коричневый, грязно-желтый;Пластинчатая;"Ксерула корневая встречается с середины до конца июля. Иногда попадается до конца сентября в различных лесах. Предпочитает корни деревьев и сильно перегнившие древесные останки. За счет длинной ножки, гриб формируется глубоко под землей и на поверхность вылезает лишь частично.
В принципе, гриб Ксерула корневая считается съедобным. Некоторые источники утверждают, что в грибе содержаться некоторые целебные вещества. Этот гриб можно смело употреблять в пищу."; Ксерула длинноногая;https://drive.google.com/open?id=1nqIZ0qS5PjhTSWeQBsEnIab8VnOE_2YQ
5.12.2025 22:00:04;Маслёнок серый;Масленок лиственничный серый, Масленок синеющий, Лиственник серый трубчатый;Маслёнковые;Нет;Да;15;30;С юбкой;Грязно-жетлый, коричневатый;Выпуклая;Коричневатый, светло-серый, зеленоватый, фиолетовый;Трубчатая;"Маслёнок серый растёт в молодых сосновых и лиственничных лесах, часто большими группами.
Съедобный гриб, третьей категории. Собирают в июле — сентябре. Употребляют свежим и маринованным.";Маслёнок лиственничный, Масленок рыже-красный;https://drive.google.com/open?id=18MhDqUY2WNZETjOZw8DtcKu9ykZxw7nY
5.13.2025 23:47:51;Паутинник обыкновенный;;Паутинниковые;Нет;Да;10;20;С юбкой;Беловатый, светло-фиолетовый, буроватый, желто-коричневый, бурый;Выпуклая;Бледно-желтый, бледно-охряный, оливковый, медово-коричневатый, желтовато-коричневатый, красновато-коричневый;Пластинчатая;"Растет с середины июля до середины сентября в лиственных, смешанных (с березой, осиной, ольхой), реже в хвойных лесах, в достаточно влажных местах, одиночно или небольшими группами, не часто.
Считается несъедобным грибом, пищевые свойства не изучены";;https://drive.google.com/open?id=1w_FghDSxC_0g8LdMUzAs1tYrN8L4Uwil
5.13.2025 23:50:05;Гиропорус песчаный;Песочник;Гиропоровые;Нет;Да;15;45;Утолщенная внизу;Белый, кремовый, оранжеватый, коричневато-рыжий, розоватый;Выпуклая;Желтовато-коричневый, розовый;Трубчатая;"Растёт в хвойных лесах, в песчаных прибрежных районах или дюнах. Предпочитает известняковые почвы. Осенний гриб, который появляется в изолированных или разбросанных группах.
Токсичный гриб, вызывает симптомы острых и продолжительных желудочно-кишечных беспорядков.";;https://drive.google.com/open?id=1GpyYW_KB2skOKG73Uvi2ypNKvjMAG1Wx
5.13.2025 23:52:35;Ежовик красновато-желтый;Ежовик рыжеющий;Ежовиковые;Нет;Да;20;40;Ровная;Рыжеватый, белый;Выпуклая;Красновато-рыжий;Шипастая;"Произрастает преимущественно небольшими группами в лесах смешанного типа. Иногда встречается во мху или в невысокой траве.
Гриб является съедобным и применяется в употреблении преимущественно в молодом возрасте.";;https://drive.google.com/open?id=1hmsE1z6BhUTqKA0IA95d1_-jbRuBGDB_
5.13.2025 23:55:55;Рядовка лиственная;Зеленушка осиновая, Рядовка осиновая;Рядовковые;Нет;Да;10;25;Ровная;Палево-желтый, зеленовато-желтый, серно-желтый;Выпуклая;Зеленовато-желтый, оливково-желтый, серно-желтый, желто-бурый, красновато-бурый, зеленовато-коричневый;Пластинчатая;"Рядовка лиственная растет с августа по сентябрь, редко в октябре, образует микоризу с осиной. По неподтвержденным данным может расти и с березами.
Рядовка лиственная считается условно-съедобным грибом. Однако, по некоторым исследованиям, в сходной ей зеленушке обнаружены ядовитые вещества, разрушающие мышечную ткань, соответственно, и этот вид, как близкий ей, может содержать их же, что, на данный момент не доказано.";Рядовка зеленая, Рядовка отличающаяся, Рядовка Иоакима, Рядовка еловая, Рядовка оливковоокрашенная;https://drive.google.com/open?id=1_pfSgIClFfunTrCgTHIl9YBGlaNDUk_M
5.13.2025 23:58:38;Вольвариелла слизистоголовая;Вольвариелла слизистая, Вольвариелла прекрасная, Вольвариелла вязкошляпковая, Вольвариелла красивая;Плютеевые;Нет;Да;10;25;Ровная;Белый, серо-желтый;Выпуклая;Беловатый, серовато-беловатый, серовато-бурый, серо-коричневый;Пластинчатая;"Встречается с начала июля до конца сентября, в основном — на нарушенных перегнойных почвах, например, на жнивье, мусорных, навозных и компостных кучах, а также на огородных грядках, свалках, в основаниях стогов сена.
Редко этот гриб встречается в лесу. Сами грибы появляются одиночно или встречаются небольшими группами
Вольвариелла слизистоголовая является малоценным съедобным или условно-съедобным грибом среднего качества.
";Серый поплавок;https://drive.google.com/open?id=18_M8KKhalh-vedTQDpbIGLhYgXfPEmKv
5.14.2025 0:01:33;Сыроежка дикая;;Сыроежковые;Нет;Да;10;20;Ровная;Белый, желтеющий;Выпуклая;Розово-красный, розовый, желтоватый, желто-охристый, беловатый;Пластинчатая;"Обильно растет в любых хвойных и лиственных лесах, на опушках и под отдельными деревьями на открытом ландшафте, особенно под дубами, каштанами и — реже — под соснами, часто во мхах, предпочитает кремнистые и более кислые почвы. Встречается под дубами и в очень сухих местах степного характера. Плодоносит с сентября по ноябрь.
Сыроежка дикая относится к ядовитым грибам. Употребление в пищу даже небольшого количества может вызвать сильное расстройство желудочно-кишечного тракта. Ядовиты и шляпка, и ножка. Нет данных, разлагается ли яд при отваривании.";Сыроежка жгучеедкая, Сыроежка Мэйра, Сыроежка берёзовая;https://drive.google.com/open?id=1pcL5qHYP_qiE5bNZcNN4XrqYvDQldir4
5.14.2025 0:03:33;Моховик полузолотистый;;Болетовые;Нет;Да;20;35;Утолщенная внизу;Желтоватый, рыжеватый, серно-желтый, оранжевый;Выпуклая;Желтоватый, рыжеватый, серно-желтый;Трубчатая;"Известен в Европе и Северной Америке, в Украине (Полтавская область), в России — на Кавказе и Дальнем Востоке. Всюду очень редок.
Гриб является условно-съедобным.";;https://drive.google.com/open?id=13XoQCXIQfaeXgTJkn2ArhuoNdc9mqB1n
5.14.2025 0:06:15;Паутинник сизо-голубой;Паутинник голубеющий, Паутинник голубой, Паутинник водянисто-голубой, Паутинник синеватый;Паутинниковые;Нет;Да;10;25;Утолщенная внизу;Охристо-жёлтый, голубовато-фиолетовый;Выпуклая;Сероватый, голубой, светловато-охристый;Пластинчатая;"Гриб произрастает большими группами и колониями, встречается в смешанных и широколиственных лесах, является микоризообразователем со многими лиственными деревьями, в том числе – с буком. На территории России встречается только в Приморском крае. Образует микоризу с различными лиственными деревьями (в том числе – с дубами и буками).
Несмотря на то, что гриб принадлежит к категории редких, и увидеть его можно нечасто, его причисляют к категории съедобных.";Паутинник Мэра;https://drive.google.com/open?id=16e-ramzOJaA9elsTxE7aDvRnsIQPmfNe
5.14.2025 0:08:35;Гигроцибе алая;Гигроцибе красная, Гигроцибе багряная;Гигрофоровые;Нет;Да;5;10;Ровная;Ярко-красный, желтовытый;Выпуклая;Насыщенно-алый, блекло-оранжевый, оранжево-желтый;Пластинчатая;"Гигроцибе алая встречается на всякого рода лугах с конца лета и до поздней осени, предпочитая, очевидно, неплодородные почвы, где гигрофоровые традиционно не встречают серьезной конкуренции.
Гигроцибе алая гриб не ядовитый, но в качестве съедобного гриба не употребляется даже опытными грибниками, так как встречается он не часто и отличается маленькими размерами.";Гигроцибе пунцовая;https://drive.google.com/open?id=1tvu4LD3jRVAgkGSD61uWWnf_uTtjzwL0
5.14.2025 0:11:38;Млечник блёклый;Болотная волнушка;Сыроежковые;Нет;Да;5;10;Ровная;Светло-коричневый, кремовый;Ровная;Винно-бурый, коричневатый;Пластинчатая;"Растет в лиственных и смешанных лесах, формируют микоризу с берёзовой древесиной.
Массовое плодоношение гриба продолжается на протяжении всего сентября, а первый урожай млечника блеклого можно собрать уже в середине августа. Растёт в смешанных и лиственных лесах, где есть берёзы и сосны. Предпочитает болотистые местности, с высоким уровнем влажности и мшистыми участками.
Млечник блеклый принадлежит к категории условно-съедобных грибов, употребляется в пищу, в основном, солёным.";Серушка, Млечник лиловеющий;https://drive.google.com/open?id=1Cp3QnjKi_4mYWnD8MUPxa-R09TU1-03b
5.14.2025 13:50:46;Сыроежка охристая;Сыроежка бледно-охристая, Сыроежка бледно-желтая, Сыроежка лимонная, Сыроежка охристо-желтая, Сыроежка охристо-белая, Сыроежка охряно-желтая;Сыроежковые;Нет;Да;10;15;Ровная;Белый, желтый;Ровная;Желтовато-охряный;Пластинчатая;"Сыроежка охристая обитает в наших лесах с конца августа до октября. Излюбленные леса – хвойные, особенно еловые и широколиственные с достаточным уровнем увлажнения. Растет на мхах, на лесных постилках. В южных районах страны встречается довольно редко.
Гриб относится к съедобным, категория – третья. Некоторые исследователи относят такой гриб у условно-съедобным и даже несъедобным. Перед употреблением в пищу его необходимо отварить.";Коричневая сыроежка;https://drive.google.com/open?id=1Jtt3wPWg5qRtJ1Y509h3DUiqGiUjdabn
5.14.2025 13:54:24;Шампиньон кривой;Шампиньон отчетливоклубеньковый;Шампиньоновые;Нет;Да;10;20;С юбкой;Белый, кремоватый, сероватый;Выпуклая;Белый, кремовый, светло-охряный;Пластинчатая;"Произрастает в хвойных лесах с середины лета до октября. Он любит расти на лесной подстилке, часто встречается группами, но иногда можно найти и одиночные экземпляры.
Это съедобный вкусный гриб, по вкусу он ничем не уступает шампиньону полевому и используется точно так же (в первых и вторых блюдах, вареным, маринованным или соленым).";Бледная поганка;https://drive.google.com/open?id=1iXBAvGo4mkL-0Sd4RAqEgI-iz14nNeHc
5.14.2025 14:00:43;Мухомор толстый;Мухомор коренастый;Аманитовые;Нет;Да;15;25;С юбкой;Беловатый, серо-коричневатый;Выпуклая;Серо-коричневый, серебристо-серый;Пластинчатая;"Летом и осенью встречается в лиственных и хвойных лесах. Гриб очень распространен.
Несъедобен.";Пантерный мухомор;https://drive.google.com/open?id=1StrJbgT9c4EHHHOckL3TDj_2ZzqTJn5H
5.14.2025 14:04:37;Подосиновик сосновый;;Болетовые;Нет;Да;20;45;Утолщенная внизу;Грязно-белый, коричневатый;Выпуклая;Красно-бурый, оранжево-кирпичный;Трубчатая;"Подосиновик сосновый встречается с июня до начала октября в хвойных и смешанных лесах, образуя микоризу строго с сосной. Особенно обильно плодоносит во мхах.
Хороший съедобный гриб.";Подосиновик дубовый, Подосиновик красный;https://drive.google.com/open?id=1349BYJ8LFvJuE7RPxMwZOQXs2heyeKgn
5.14.2025 14:08:38;Паутинник многообразный;;Паутинниковые;Нет;Да;15;30;Утолщенная внизу;Белый, оранжеватый, желтоватый;Выпуклая;Рыжий, красноватый, желтоватый;Пластинчатая;"Гриб достаточно широко распространен в российских лесах европейской части страны, в лесах Белоруссии. Излюбленным местом распространения считаются именно хвойные леса, хотя гриб попадается и в густых лиственных лесах.
Паутинник многообразный относится к условно-съедобным грибам. Может быть использован в пищу после получаса отваривания в кипящей воде.";;https://drive.google.com/open?id=1bE-xgzvUiVWHKDdQ797tNFCcUMtetVvH
5.14.2025 14:14:25;Меланолеука прямоногая;Меланолейка прямоногая;Рядовковые;Нет;Да;10;20;Ровная;Грязно-белый, мучной;Ровная;Беловатый, кремовый;Пластинчатая;"Плодоношение у гриба описываемого вида достаточно обильное, продолжается с июня по октябрь. Меланолейки прямоногие произрастают преимущественно на лугах, в садах и на пастбищах. Лишь изредка этот вид грибов можно увидеть в лесу. Чаще всего меланолейки вырастают в горных областях и предгорьях.
Меланолейка прямоногая является съедобным грибом.";;https://drive.google.com/open?id=185Ii7enIiAh76LWZFIk0jVXQIlRSBJlg
5.14.2025 14:16:51;Рядовка бородатая;;Рядовковые;Нет;Да;10;20;Утолщенная внизу;Беловатый, коричневатый;Выпуклая;Красно-коричневый, светло-коричневый;Пластинчатая;"Рядовка бородатая достаточно широко распространена в Северном полушарии. Образует микоризу с хвойными, чаще всего с елью, реже с сосной. Встречается с августа по ноябрь.
Гриб не ядовит, но и высокими гастрономическими качествами не обладает. По некоторым источникам, он годится в засолку вместе с другими грибами после предварительного отваривания.";Рядовка чешуйчатая;https://drive.google.com/open?id=1B9NZ17Hh6qLSparsrbOzke5ZhfFFiZbY
5.14.2025 14:19:15;Лисичка аметистовая;;Лисичковые;Нет;Да;10;20;Утолщенная вверху;Светло-жёлтый, рыжеватый;Вогнутая;Светло-жёлтый, рыжеватый, коричневатый;Пластинчатая;"Лисичка аметистовая начинает плодоносить в начале лета (июнь) а завершение периода плодоношения приходится на октябрь. Гриб распространён в лесистых местностях России, в основном лисичку аметистовую можно увидеть в хвойных, лиственных, травянистых, смешанных лесах. 
Аметистовая лисичка принадлежит к категории съедобных грибов, с прекрасными вкусовыми качествами. Гриб не предъявляет особых требований к транспортировке, хорошо сохраняется.";Желтая лисичка;https://drive.google.com/open?id=1d59yl4ca67fBt7XpTlA_Wo_P56CJoX8c
5.14.2025 14:23:02;Паутинник слизистый;;Паутинниковые;Нет;Да;10;20;Ровная;Белый, мучной;Выпуклая;Глинисто-желтый, темно-коричневый;Пластинчатая;"Паутинник слизистый встречается с середины августа до конца октября в хвойных и смешанных лесах, образует микоризу, видимо, с сосной. Попадается нечасто, больших групп не образует.
В зарубежной литературе гриб описывается как несъедобный.";Паутинник пачкающий;https://drive.google.com/open?id=14Wt3uUy9L2plqgyeSYn0ccSTznAOCBWd
5.14.2025 14:25:37;Масленок желтоватый;;Маслёнковые;Нет;Да;15;30;С юбкой;Беловатый, желтоватый;Ровная;Желтоватый, желтовато-коричневый, серо-желтый, охристо-желтоватый;Трубчатая;"Масленок желтоватый любит тепло, поэтому встречается преимущественно на почвах песчаного типа. Легче всего найти этот гриб в сосновом лесу или в посадке этих деревьев, если им свойственен хороший уровень прогревания.Расти грибы этого вида могут как одиночными экземплярами, так и большими группами. Период их плодоношения начинается в конце мая и длится до конца ноября.
Масленой желтоватый  – условно съедобный, так как для употребления его в пищу необходимо снять с его поверхности кожицу, которая способствует возникновению диареи.";Сибирский масленок;https://drive.google.com/open?id=1y5V4uE9BxA1ecRIBtKogR7DiQtUZc7BP
5.14.2025 15:49:37; Лаковица аметистовая;Лаковица лиловая;Гиднангиевые;Нет;Да;2;5;Ровная;Лиловый, фиолетовый, беловатый;Ровная;Лиловый, фиолетовый, беловатый;Пластинчатая;"Лаковица аметистовая произрастает на влажный почвах в лесном поясе, время роста – летний и осенний период.
Гриб относится к условно-съедобным, вполне пригоден для употребления в пищу, при этом его обычно добавляют в различные блюда в сочетании с другими грибами.";;https://drive.google.com/open?id=1ZLYmNv1m8HdwlGcPKRaP9AOOxc9IoRvS
5.14.2025 15:52:16; Подосиновик желто-бурый;Обабок разнокожий, Подосиновик красно-бурый;Болетовые;Нет;Да;25;50;Утолщенная внизу;Зеленоватый, серо-черный, грязно-беловатый;Выпуклая;Рыжеватый, желтовато-серый, красноватый;Трубчатая;"Подосиновик желто-бурый растет с июня по октябрь в лиственных и смешанных лесах, образуя микоризу преимущественно с березой. В молодых лесах может встречаться в баснословных количествах, особенно в начале сентября.
Отличный съедобный гриб. ";Подосиновик красный;https://drive.google.com/open?id=1OGuFZ-t_3IUAD_N8QCk9HSmf5G1qibem
5.14.2025 15:54:32;Пилолистник тигровый;;Полипоровые;Нет;Да;5;15;Ровная;Коричневатый, мучной;Выпуклая;Желтоватый, кремовый, коричневатый;Пластинчатая;"Растёт довольно большими сростками и группами на валеже, пнях и стволах преимущественно лиственных пород: дуба, тополя, ивы, на фруктовых деревьях. Сезон - лето-осень, с конца июля по сентябрь (для средней полосы России). В южных регионах — с апреля. 
В разных источниках гриб указывается как съедобный, но с разной степенью съедобности. О вкусовых качествах сведения тоже весьма противоречивы. ";;https://drive.google.com/open?id=1re6jiSQ25jeQL6xbbBkiAQuu7SCOkqkE
5.14.2025 15:57:09;Сетконоска сдвоенная;Диктиофора сдвоенная;Весёлковые;Да;Да;5;15;Ровная;Белый;Выпуклая;Оливково-зеленый, коричневатый;Гладкая;"Обитает сетконоска сдвоенная в лиственных лесах на почве, богатой гумусом, или на сильно разложившихся остатках древесины. Встречается исключительно редко, одиночно или группами, в июле — сентябре.
Молодые грибы съедобны; кроме того, диктиофора сдвоенная используется в народной медицине против подагры и ревматизма.";;https://drive.google.com/open?id=1hvV82I3YmHMBwHlno6Mof0JyLom2BDsm
5.14.2025 15:59:38;Трутовик клубненосный;;Полипоровые;Нет;Да;10;20;Утолщенная вверху;Грязно-белый, рыжевато-бурый;Ровная;Рыжевато-желтый, коричневый;Трубчатая;"Встречается Клубненосный Трутовик с конца весны в течение всего летнего периода и примерно до середины сентября. Произрастает на останках деревьев лиственных пород. Предпочитает липу и прочие схожие породы.
Трутовик клубненосный считается условно-съедобным грибом";;https://drive.google.com/open?id=1LEHesW0Ll3jbTvdqRGgudE5VrgbXFOoH
5.14.2025 16:02:19;Пилолистник бокаловидный;Лентинус бокаловидный;Полипоровые;Нет;Да;10;25;Утолщенная вверху;Беловатый, коричневатый;Вогнутая;Рыжевато-бежевый, коричневатый;Пластинчатая;"Пилолистник бокаловидный встречается на гниющих останках лиственных деревьев (по всей видимости, может паразитировать и на живых, вызывая белую гниль). Пилолистник бокаловидный — гриб преимущественно южный.
Наиболее распространена информация, что пилолистник бокаловидный несъедобен из-за слишком плотной мякоти.";;https://drive.google.com/open?id=1l_gLNVH6_ihRFcod8f822EjEMMWix7oP
5.14.2025 16:04:15;Маслёнок рубиновый;Перечный гриб рубиновый, Рубиноболет рубиновый;Болетовые;Нет;Да;25;45;Утолщенная внизу;Розоватый, красноватый;Выпуклая;Кирпично-красный, жёлто-бурый;Трубчатая;"Произрастает в дубовых лесах, встречается очень редко. Известен в Европе.
Съедобный гриб второй категории.";;https://drive.google.com/open?id=1hgbrzjsuGZ0JGxEIi06XTy6Fv2TuOWCz
5.14.2025 16:07:09;Маслёнок белый;;Маслёнковые;Нет;Да;7;20;Ровная;Беловатый, бурый;Выпуклая;Беловатый, бледно-жёлтый, серовато-белый, желтовато-белый, тускло-оливковый;Трубчатая;Съедобный, но незначительный гриб. Пригоден в пищу в свежем, маринованном и солёном виде. ;Подберёзовик болотный, Маслёнок сибирский;https://drive.google.com/open?id=1T9juSeug2UiXbagPXifZBfmildk3uKLD
5.14.2025 16:09:07;Паутинник пасынковидный;Паутинник клубненогий;Паутинниковые;Нет;Да;5;15;Утолщенная внизу;Беловатый, коричневатый;Ровная;Медно-оранжевый, оранжево-коричневый;Пластинчатая;"Паутинник пасынковидный (он же клубненогий) (Cortinarius Privignoides) образует микоризу с деревьями хвойных пород. Произрастает на опавшей хвое и перегнивших ветках деревьев, а также – на земле. Иногда может расти и в лиственных лесах, под берёзами.
Гриб считается ядовитым. Запах плодового тела не различим.";;https://drive.google.com/open?id=1mABIPlO_DwcGF-xOmyL-D4yqL1BVDNfz
5.14.2025 16:11:10; Опёнок чеканный;;Физалакриевые;Да;Да;10;5;Ровная;Коричневый, розоватый;Ровная;Коричневый, розоватый;Пластинчатая;"Растет или одиночно, или небольшими группами. При этом предпочитает не пни или обычную лесную подстилку, а болотистые почвы или влажные сфагновые мхи. Сезон – август – конец сентября.
Не съедобен.";;https://drive.google.com/open?id=1bdv3rzof7wNFCc-BtocVPeOAMXGfnXn6
5.14.2025 16:24:57;Плютей благородный;Плютей широкошляпковый;Плютеевые;Нет;Да;10;25;Ровная;Белый, сероватый, кремоватый;Ровная;Грязно-белый, коричневатый, розоватый;Пластинчатая;"Данный гриб чаще всего произрастает на пнях и под различными лиственными деревьями. Излюбленным местом для роста считается влажная тенистая почва. Плютей может расти как поодиночке, так и небольшими скученными группами. Встречается как в равнинных, так и в горных лесах.
Гриб является съедобным и используется в приготовлении первых и вторых блюд. Он обладает достаточно интересным своеобразным ароматом и приятным вкусом.";;https://drive.google.com/open?id=1NYzxWUnf_-WTXbBquqvrGkxuclQ6fO6A
5.14.2025 16:28:46;Рядовка опаленная;Рядовка обожжённая, Рядовка загорелая;Рядовковые;Нет;Да;5;15;Ровная;Беловатый, мучной, буроватый;Выпуклая;Каштаново-бурый;Пластинчатая;"Опалённые рядовки широко распространены. Встретить их можно в лесах смешанного типа, преимущественно осенью. Гриб этого вида встречается на территории стран Европы, Азии, Северной Америки.
Точных сведений о съедобности рядовки загорелой нет. Многие опытные грибники считают, что данный гриб является ядовитым и непригоден для употребления в пищу.";;https://drive.google.com/open?id=1481QXbHNAVRWE4ZWnKvRcSeVu-IHJp8E
5.14.2025 16:34:10;Строфария небесно-синяя;;Строфариевые;Нет;Да;10;20;Ровная;Матово-голубой, зеленоватый;Выпуклая;Матово-голубой, зеленоватый;Пластинчатая;"Строфария данного типа растет или поодиночке, или небольшими группами. Любит расти в парках, вдоль дорог, на пастбищах, предпочитая гниющие травяные подстилки, влажные почвы, богатые гумусом. Строфарию небесно-синюю можно увидеть с июня по начало ноября (зависит от погоды).
Относится к категории съедобных грибов, но знатоками не ценится, в пищу не употребляется.";;https://drive.google.com/open?id=1lPc33fCvhOkdFGNNSl_bfozNWtGeMgAh
5.14.2025 16:37:36;Шампиньон таблитчатый;;Шампиньоновые;Нет;Да;10;30;С юбкой;Белый, беловатый;Выпуклая;Беловатый, беловато-серый;Пластинчатая;"Шампиньон таблитчатый (Agaricus tabularis) очень редко встречается в пустынях и полупустынях Казахстана, Средней Азии, в целинных степях Украины, а также в Северной Америке.
Относится к съедобным грибам.";;https://drive.google.com/open?id=1xsQroy-y-uZaMbJB7FMOfBTwb1TPOnCV
5.14.2025 16:41:09;Краснушка;Млечник сладковатый, Груздь сладкий;Сыроежковые;Нет;Да;10;20;Утолщенная внизу;Кремовый, беловатый, коричневатый;Ровная;Бледно-рыжеватый, светло-коричневый;Пластинчатая;"Данный гриб легко можно найти в разных лесах, если обратить внимание на залежи мха. Собирать их лучше всего с середины лета, до середины осени.
Гриб считается съедобным, однако для употребления в пищу его нужно варить или же солить, чтобы он не навредил здоровью. Ни в коем случае нельзя употреблять в пищу сырым.";Горькушка;https://drive.google.com/open?id=1YcdywEnL91Bm2PAhq2vc6Ho2fwOvRCkS
5.14.2025 16:44:30;Шампиньон крупноспоровый;;Шампиньоновые;Нет;Да;10;25;С юбкой;Беловатый;Выпуклая;Белый, мучной;Пластинчатая;"В мире распространен довольно широко.
Съедобен, обладает хорошими вкусовыми качествами.";;https://drive.google.com/open?id=1NiyhSZIDL9aHZJbertLHK8jsdBHi5JbA
5.14.2025 18:22:39;Сыроежка ломкая;;Сыроежковые;Нет;Да;10;20;Ровная;Белый;Вогнутая;Розово-фиолетовый, бледно-розовый;Пластинчатая;"Встречается часто на кислых почвах в лиственных, смешанных и хвойных лесах под березами, соснами, дубами, грабами и др. Встречается сыроежка ломкая в хвойных и лиственных лесах с августа по октябрь, реже с июня.
Гриб условно-съедобен, четвертой категории. Употребляется только соленым.";;https://drive.google.com/open?id=1bpQ1eulDGVdqRKxdnlzIhURmUT23vXU5
5.14.2025 18:24:39; Псевдоежовик студенистый;Псевдохидиум желатиновый, Ледяной гриб, Ложноежовик, Псевдоежовик, Псевдогиднум;Эксидиевые;Нет;Нет;;;;;Ровная;Беловато-серый, коричневатый;Гладкая;"Встречается Псевдоежовик студенистый не часто. Плодоносит с конца лета и до первых холодов. Произрастает в лесах различного типа, предпочитает остатки лиственных, но чаще хвойных деревьев.
Все доступные источники описывают Псевдоежовик студенистый как гриб, пригодный в употребление, правда, при этом его называют совершенно бесполезным с кулинарной точки зрения.";;https://drive.google.com/open?id=1jGAJJ7Dvno9jtPUmr7ztmyZoOhJCpw1e
5.14.2025 18:26:24;Поплавок желто-коричневый;Мухомор оранжевый, Мухомор желто-коричневый, Поплавок бурый, Поплавок оранжевый;Аманитовые;Нет;Да;5;10;Ровная;Бело-коричневый;Выпуклая;Золотистый, оранжевый, коричневый;Пластинчатая;"Растет небольшими группами, также часто встречаются одиночные экземпляры. Любит заболоченные местности, кислые почвы. Предпочитает хвойники, в лиственных лесах встречается редко. Растет с июля по конец октября.
Относится к съедобной категории (условно-съедобен), но употребляется только в отваренном виде.";;https://drive.google.com/open?id=1g37wbpXxkHgGj4gtCaqNYfxU66vFVztO
5.14.2025 18:28:36;Гигрофор сыроежковый;Гигрофор сыроежковидный, Вишняк;Гигрофоровые;Нет;Да;15;35;Утолщенная внизу;Белый, красноватый;Выпуклая;Розоватый, темно-розовый, фиолетовый, беловатый;Пластинчатая;"Встречается в лиственных лесах, в особенности под дубами, порой малыми группами. В гористых и холмистых местностях. Сезон - лето-осень.
Съедобен.";Гигрофор краснеющий;https://drive.google.com/open?id=1Y630_aZviPKJ68zd5_8lwT_KRb86QkWr
10.14.2025 21:08:49;Коллибия веретеноногая;Денежка веретеноногая;Омфалотовые;Нет;Да;5;15;Утолщенная вверху;Красно-коричневый;Выпуклая;Красно-коричневый;Пластинчатая;Растёт на пнях, стволах и корнях старых лиственных деревьев, часто на дубах, буках, каштанах. Распространён в лиственных лесах. Плодоносит большими сростками.;Опёнок зимний;https://drive.google.com/open?id=1UMHrtD-XJ8etkDdp04EAIfCgHoXsSnCq, https://drive.google.com/open?id=1C-J9r_F-U6DSI8mRj_miUeoRrpR4lhy_
10.14.2025 21:28:59;Чешуйчатка съедобная;Фолиота намеко, опёнок намеко;Строфариевые;Нет;Да;5;10;Ровная;Оранжево-коричневый, светло-оранжевый;Выпуклая;Оранжево-коричневый;Гладкая;Выращивается в искусственных условиях в больших объёмах. Предпочитает расти в условиях, где влажность воздуха – высокая (90-95%). Широко применяется в японской кухне.;;https://drive.google.com/open?id=1npkKMgMuT1-ePMiPBmGC_pcT-HiITBOm
10.14.2025 21:33:47;Меланогастер Брума;Ложный трюфель;Свинушковые;Да;Нет;;;;;Выпуклая;Жёлто-коричневый, коричневый, тёмно-коричневый;Гладкая;Растет в лиственных лесах, неглубоко в почве под слоем опавших листьев.;;https://drive.google.com/open?id=129tlsKpkt3VCRyWeW1oXqs2ix0Yg1duY
10.14.2025 21:39:30;Ежовик усиковый;Креолофус усиковый, гериций кудрявый, ежовик разнозубчиковый;Герициевые;Нет;Нет;;;;;Выпуклая;Бело-кремовый;Шипастая;Представляет собой мясистые, слоистые плодовые тела, , которые растут ярусами. Верхняя часть войлочная, нижнюю поверхность покрывают многочисленные длинные висячие шипы. Широко используется в медицине для лечения различных желудочных заболеваний и для профилактики рака желудочно–кишечного тракта. Встречается в смешанных лесах на стволах деревьев и пнях.;Климакодон северный;https://drive.google.com/open?id=1gxNJgnuUkgBT-v4GxN32lb1ac1Si7drc, https://drive.google.com/open?id=19eDB4wlBs1qOlNLizFCzb5RJICFCpWDE
10.14.2025 21:47:52;Рогатик язычковый;Клавариадельфус язычковый;Клавариадельфовые;Нет;Да;10;30;Утолщенная вверху;Нежно-кремовый;Выпуклая;Нежно-кремовый;Гладкая;Вертикальное, языковидной формы плодовое тело, часто слегка сплющенное. Рогатик язычковый встречается с середины июля по конец сентября в хвойных или смешанных лесах, во мхах, возможно, образуя с ними микоризу. Попадается нечасто, но большими группами.;Рогатик пестиковый;https://drive.google.com/open?id=1mLaRLNHgn1yyvDa_BOefkHUO4vQj9nOA
10.15.2025 15:37:48;Хлорофиллум Оливье;Зонтик Оливье;Шампиньоновые;Нет;Да;12;16;Утолщенная внизу;Беловатый;Выпуклая;Темно-красно-коричневый, бледно-коричневый;Пластинчатая;На ножке присутствует кольцо. У кольца два бахромчатых края, одна бахрома смотрит вверх, вторая — вниз. Гриб широко распространён в европейский странах. Плодовые тела встречаются как одиночно, разбросанно, так и образуют довольно большие скопления. Растёт как в хвойных, так и в лиственных лесах разного типа и кустарниках всех видов.;Зонтик краснеющий, хлорофиллум тёмно-бурый, зонтик пёстрый;https://drive.google.com/open?id=1G9Y3CSQBNzvRiEDcpRXdE3U_xIgaLozj
10.15.2025 15:45:08;Моховик тупоспоровый;Моховик розовоногий, боровик тупоспоровый;Болетовые;Нет;Да;10;30;Утолщенная внизу;Красновато-жёлтый;Выпуклая;Коричневый;Трубчатая;"Отмечен в Европе и Северной Америке; в пределах бывшего СССР отмечается в европейской части (ряд областей Украины, Саратовская область) и на Северном Кавказе.";;https://drive.google.com/open?id=1DCxm9PSIEtDoiOIYRxswPrQ8KvmcPSVL
10.15.2025 16:26:16;Навозник рассеянный;Навозник распространённый;Псатирелловые;Нет;Да;5;10;Ровная;Бело-сероватый;Выпуклая;Светло-кремовый, серый;Пластинчатая;Навозник рассеянный встречается с конца весны до середины осени на гниющей древесине, обычно большими колониями, равномерно покрывая удивительную площадь. По отдельности либо вообще не растет, либо никем не замечен.;;https://drive.google.com/open?id=1oJC8KEtnBmeEG7NNoJCASDq9jRwFQBZo
10.15.2025 16:36:39;Моховик лиственничный;Болетин лиственничный;Маслёнковые;Нет;Да;20;40;Утолщенная внизу;Коричневатый, буроватый, темно-бурый;Выпуклая;Буроватый, охристо-бурый, грязно-бурый.;Трубчатая;Растёт только в присутствии лиственницы: в лиственничниках и смешанных лесах с присутствием берёзы, осины, под лиственницей.;Свинушка тонкая, гиродоны, козляк;https://drive.google.com/open?id=1qZm1fYASqGkYGnpyVJ9pZ3izlLh9F-PL, https://drive.google.com/open?id=14snVHt4e1iEZGChepF_QdCblPMA2vjTv
10.15.2025 16:43:37;Псатирелла водолюбивая;Псатирелла шаровидная, ложноопёнок водянистый, псатирелла гидрофильная;Псатирелловые;Нет;Да;5;8;Ровная;Беловатый, светло-коричневый;Выпуклая;Шоколадный, кремовый;Пластинчатая;Произрастает на пнях в лиственных или хвойных лесах, а так же вокруг пней и на сырых почвах. Растет большими колониями, соединяясь в пучки.;Псатирелла серо-бурая,  галерина окаймленная;https://drive.google.com/open?id=1109IuloZIQP7rUVLKvU2toCR4FuvodF6
10.15.2025 16:48:52;Поплавок белый;;Аманитовые;Нет;Да;10;20;Ровная;Белый;Выпуклая;Белый, грязно-белый;Пластинчатая;Растет в лиственных и смешанных лесах, на плодородных почвах. Образует микоризу с березой. Встречается не часто, отмечен во всей территории Европы, больше — в северных регионах.;Ангел смерти, поплавок серый;https://drive.google.com/open?id=1ZSclaHFHTzQpL2vYjwflkX1DSsFrOv9C
10.15.2025 17:00:39;Мицена синеногая;;Миценовые;Да;Да;1;2;Ровная;Сероватый;Выпуклая;Светло-серый, серовато-коричневый;Пластинчатая;Растет в хвойных и смешанных влажных старовозрастных лесах, небольшими скоплениями, на коре, валеже и замшелой гнилой древесине хвойных. В России встречается в европейской части, на Среднем Урале, в Западной Сибири. Ядовит.;;https://drive.google.com/open?id=10r6BdGeaWUQdy5t5Hc2fjGVcJEyxU2pr
10.15.2025 17:07:32;Рядовка частопластинковая;;Рядовковые;Нет;Да;8;25;Утолщенная внизу;Белый, палево-желтоватый;Выпуклая;Белый, палевый, кремоватый;Пластинчатая;Ассоциирована с березой, предпочитает песчаные и торфяные почвы, однако встречается и на других видах почв, распространена повсеместно и очень широко, часто образует немаленькие скопления.;Рядовка белая, рядовка зловонная;https://drive.google.com/open?id=1wSNx3TooQzf-UOWAFEJ6v4wHzN4d_Xb_, https://drive.google.com/open?id=1SC2AIz-L3qNv_B5V7OsYU_mDWMgFdzRm
10.15.2025 17:18:14;Маслёнок полоножковый;Болетин полоножковый, решетник полоножковый;Маслёнковые;Нет;Да;10;20;Утолщенная внизу;Оранжево-коричневый;Выпуклая;Ржаво-красный, желтый;Трубчатая;Встречается преимущественно в кедровых и лиственных лесах. Предпочитает почвы в горной или низинной местности.;Моховик;https://drive.google.com/open?id=1tyJoJSPnjXAwqceEzPNtBX8v25Oua0c6
10.15.2025 17:21:41;Гигрофор благоуханный;Гигрофор душистый;Гигрофоровые;Нет;Да;5;10;Ровная;Сероватый, серовато-бурый;Выпуклая;Сероватый, оливково-серый, желто-серый;Пластинчатая;Встречается в мшистых, сырых местах, в еловых лесах. Предпочитает горные местности. Отличается от других видов сильным миндальным запахом.;;https://drive.google.com/open?id=1dO0vTb9JSh5GCVnaPPYAj6KU3-snTWEh
10.15.2025 17:27:40;Гипомицес млечниковый;;Гипокрейные;Нет;Да;10;30;Утолщенная вверху;Красно-оранжевый;Вогнутая;Красно-оранжевый;Пластинчатая;Является плесневым грибом, который растет на плодовых телах других грибов. Паразитирует на различных видах грибов, в частности, на сыроежках и млечниках. Распространен в основном в Северной Америке. Произрастает он после дождевой погоды. ;;https://drive.google.com/open?id=1fzmpJqGXR8LyJ81n-CEeP2KEr67v5J4H
10.15.2025 17:33:55;Порфировик порфироспоровый;Болет пурпуроспоровый, ежовик порфировый;Болетовые;Нет;Да;10;30;Утолщенная внизу;Сероватый, темно-коричневый;Выпуклая;Сероватый, темно-коричневый;Трубчатая;Встречается в южной части Альп, так же этот вид достаточно распространен в Центральной части Европы. Произрастает в хвойных и лиственных лесах, как правило, предпочитает горную местность.;Болет, моховик;https://drive.google.com/open?id=1OMO5USwIOzTcV2Gx6NllRNX-zFeBOD0i
10.15.2025 17:39:27;Гимнопил проникающий;;Гименогастровые;Нет;Да;5;10;Ровная;Коричнево-рыжеватый;Выпуклая;Коричнево-рыжеватый;Пластинчатая;Растет на останках хвойных деревьев, отдавая предпочтение сосне.;;https://drive.google.com/open?id=15zR-jM-PMouoGCVe9hsIL9_q0mPpLFUG
10.15.2025 17:43:07;Галерина Болотная;;Гименогастровые;Нет;Да;2;5;Ровная;Светло-желтый;Выпуклая;Медово-желтый, желтовато-бурый;Пластинчатая;Встречается в лесах различного типа, преимущественно на заболоченных участках, среди сфагнума. ;;https://drive.google.com/open?id=11jm_OsoFkpWP-rOOGDIB8wqwPV2eUIep
10.15.2025 17:47:32;Подгруздок бело-черный;Сыроежка бело-черная;Сыроежковые;Нет;Да;15;25;Ровная;Грязно-белый;Вогнутая;Грязно-бело-коричневый;Пластинчатая;Растет во многих лесах – хвойных, широколиственных. ;Подгруздок чернеющий, подгруздок частопластинчастый;https://drive.google.com/open?id=1QpS0wKg4ti5rna9WbWdamZJPRECrZnBw
10.15.2025 17:50:38;Сыроежка сине-желтая;;Сыроежковые;Нет;Да;15;30;Ровная;Белый, нежно-фиолетовый;Вогнутая;Фиолетовый, серо-зеленый, сине-серый, охристо-желтый;Пластинчатая;Распространена в лиственных и хвойных лесах, может расти как в горах, так и в низинах. ;Сыроежка сизая, ;https://drive.google.com/open?id=1kbG3kOkJtP_UwMvQViKI5uTkCsGTJhPC
10.15.2025 17:55:01;Лимацелла обмазанная;Лимацелла масляная, лимацелла намазанная;Аманитовые;Нет;Да;5;10;Ровная;Беловатый, коричневатый;Выпуклая;Беловатый, коричневатый;Пластинчатая;Растет в лесах всех типов, встречается в полях, на газонах или на обочинах дорог, болотах, на лугах и песчаных дюнах. Растёт на земле или подстилке, рассеянно или группами, не редко.;;https://drive.google.com/open?id=1ALjplS_MDPFpLSdiQg-akaW2-qW68eXO
10.15.2025 17:58:57;Моховик паразитирующий;Моховик паразитный;Болетовые;Нет;Да;5;15;Утолщенная вверху;Коричнево-желтый;Выпуклая;Коричнево-желтоватый;Трубчатая;Встречается на плодовых телах ложных дождевиков. Как правило, произрастает большими группами. Предпочитает сухие места и песчаные почвы.;;https://drive.google.com/open?id=114h9-bWOkZhJQHUg0VqwgO523L5C43cd
10.15.2025 18:02:31;Полевик жёсткий;Полёвка твёрдая;Строфариевые;Нет;Да;5;10;Ровная;Беловато-серый;Выпуклая;Беловато-серый, грязно-желтый, бежевый;Пластинчатая;Растет на лугах, в садах, парках, на газонах, предпочитая очеловеченные ландшафты.;Полевик ранний;https://drive.google.com/open?id=1fT7-ewATPda6LM1aIeSH_zsOlaNF9jcS
10.15.2025 18:06:27;Коллибия Азема;;Омфалотовые;Нет;Да;3;10;Утолщенная внизу;Бело-бежевый;Ровная;Бело-бежевый;Пластинчатая;Предпочитает кислые почвы. Распространен во всех лиственных лесах.; Коллибию маслянистая;https://drive.google.com/open?id=1KqsMj0VIiCN7WUmGxdcsNhhQXd3bDEZX
11.9.2025 15:29:45;Ложная лисичка рыжая;;Гигрофоропсисовые;Нет;Да;5;15;Ровная;Оранжево-жёлтый, желтовато-оранжевый, коричневато-оранжевый, коричневый;Вогнутая;Оранжево-жёлтый, желтовато-оранжевый, коричневато-оранжевый, коричневый;Пластинчатая;"Обитает в смешанных и хвойных лесах на всякого рода древесных остатках, от трухлявых пней до щепок и опилок. Возможно, широко распространён в Европе — но информации пока что недостаточно.
Подобно ложной лиcичке считается условно-съедобным, с низкими пищевыми качествами.";Ложная лисичка;https://drive.google.com/open?id=17sEPc6mMrtdXHVhwngzycxN7o8dwE_6I
11.9.2025 15:34:38;Энтолома седая;Лептония седоватая;Энтоломовые;Нет;Да;2;7;Ровная;Желтовато-зеленый, беловатый;Выпуклая;Светло-оливковый, жёлто-зеленый, золотисто-коричневый, коричневый;Пластинчатая;"Энтолома седая встречается в лиственных, смешанных, реже — в хвойных лесах. Растет под деревьями и на полянках в лесу или на травянистых участках, в мху, листовой подстилке или «нарушенной» почве (канавах, обочинах дорог, тропинках, грунтовом дорожном полотне и т.д.). Предпочитает не плодородные щелочные почвы. Встречается одиночно или же большими группами. Время плодоношения: конец августа начала сентября.
Ядовитый гриб, вызывает многие опасные явления, как-то стандартные рвоту и диарею, что приводит к обезвоживанию и дисфункции кишечника, учащённое сердцебиение, нарушения со стороны печени. Летальных случаев официально не зафиксировано, но рисковать не нужно. При малейших симптомах отравления необходимо немедленно обращаться за медицинской помощью.";Энтолома продавленная;https://drive.google.com/open?id=1sWyR3y3liR1cbSGcbt_NlEzyjsm7u61I
11.9.2025 15:40:47;Гигрофор чёрный;;Гигрофоровые;Нет;Да;15;30;Утолщенная в центре;Сероватый, голубоватый, бледно-белый;Вогнутая;Коричневатый, сизо-серый, серовато-белый, голубоватый;Пластинчатая;"Встречается в мшистых, сырых местах, в подлеске хвойных горных лесов. Обычный для Южной Финляндии вид. Сезон произвостания - осень.
Съедобный. Деликатесный гриб.";;https://drive.google.com/open?id=1kcIv40UrugSVNPpU9oz9qwRt9REK-kmf
11.9.2025 15:48:07;Моховик моравский;Болет моравский;Болетовые;Нет;Да;15;25;Утолщенная внизу;Розоватый, оранжево-желтый;Выпуклая;Коричневатый, розоватый, оранжево-желтый, светло-кирпичный;Трубчатая;"Период плодоношения моховика моравского приходится на лето и осень. Начинается он в августе и продолжается на протяжении всего сентября. Произрастает в лиственных и дубовых лесах, в лесных посадках, в прудовых дамбах. Встречается преимущественно в южных областях страны.
Моховик моравский принадлежит к числу съедобных, но очень редких грибов. Принадлежит к категории заповедных грибов.";;https://drive.google.com/open?id=19bZusa0BSIb5762-Ft0M91RSH4ouNXds
11.9.2025 15:56:35;Маслёнок раскрашенный;Маслёнок Спрэга, Болетин раскрашенный, Болетинус раскрашенный, Решетник раскрашенный;Маслёнковые;Нет;Да;15;25;Ровная;Желтый, насыщенно-охристый;Выпуклая;Красный, кирпично-красный, бордово-коричневый, винно-красный;Трубчатая;"Период плодоношения Маслёнка раскрашенного начинается в начале лета (июнь), а завершается в сентябре. Этот вид грибов предпочитает селиться на плодородных почвах, иногда – посреди мшистых участков. Зачастую их можно встретить в составе целых грибных колоний. Промысловый вид этих грибов распространён на территории Дальнего Востока в России и Сибири.
Маслёнок раскрашенный, несомненно, принадлежит к числу съедобных грибов, его можно жарить, отваривать, приготавливать грибные супы. Пригоден для употребления даже без предварительного отваривания или жарения.
";;https://drive.google.com/open?id=1_fKwaDNuDZdpfe17DWR8oUcjJgidsuur
11.9.2025 15:59:43;Млечник бурый;Млечник древесинный, Груздь мавроголовый;Сыроежковые;Нет;Да;5;20;Ровная;Буро-коричневый;Вогнутая;Буро-коричневый;Пластинчатая;"Млечник бурый растет с середины июля до конца сентября в хвойных и смешанных лесах, образуя микоризу, видимо, с елью, реже — с сосной. Встречается нечасто, больших скоплений не образует.
Как и все негорькие младшие млечники, Lactarius lignyotus формально съедобен, но успехом не пользуется.";;https://drive.google.com/open?id=1XaRQFyX5WsK-6tVENq-qVjoNCtdYIjkK
11.9.2025 16:04:24;Рядовка Гульден;;Рядовковые;Нет;Да;8;15;;Белый, беловатый, желто-зеленоватый;Выпуклая;Темно-серый, темно-оливково-серый, черноватый;Пластинчатая;"Рядовка Гульден растет со второй половины сентября по ноябрь. Согласно она обитает в лесах с присутствием ели, однако, также, находки замечены в смешанных лесах с сосной, дубом, березой, тополем/осиной и орешником.
Рядовка Гульден является условно-съедобным грибом.";Рядовка темная, Рядовка заостренная, Рядовка грязно-желтая, Рядовка серая;https://drive.google.com/open?id=1s-UIyJ5o6732NE3nBgJgC9Q1nS4viHUP
11.9.2025 16:09:28;Шампиньон двукольцевой;Шампиньон четырехспоровый;Шампиньоновые;Нет;Да;15;30;С юбкой;Белый, желтоватый, розоватый, мучной;Выпуклая;Белыый, коричневатый, мучной;Пластинчатая;"С конца весны до осени растет в населенных пунктах, на дорогах, по обочинам улиц, в садах и т.п.
Превосходный съедобный гриб. Его выращивают в огромных количествах.";;https://drive.google.com/open?id=1spXSGoJd8NnPwRUpbVybSfkVJdKPOTqn
11.9.2025 16:14:56;Лепиота щитковая;Лепиота щитковидная, Зонтик мелкощитовидный;Шампиньоновые;Нет;Да;5;10;Ровная;Коричневатый, белый;Выпуклая;Охряно-коричневатый, мучной, беловатый;Пластинчатая;"Растет Лепиота в лиственных и хвойных лесах с лета по осень. Как правило, небольшими группами по несколько (4-6) экземпляров. Попадается не часто. В некоторые годы отмечается достаточно активное плодоношение.
Лепиота щитковидная применяется в домашней кулинарии только в свежем виде.";;https://drive.google.com/open?id=1H0E4s6PmS0cdKG2Qm639gLUo_eK7olkY
11.9.2025 16:18:54;Сыроежка выцветающая;Сыроежка выцветающая, Сыроежка красивенькая, Сыроежка красивая;Сыроежковые;Нет;Да;15;35;Ровная;Белый, желтоватый;Ровная;Кроваво-красный, бело-коричневатый, оранжеватый;Пластинчатая;"Сыроежка выцветающая обычно встречается в лиственных лесах среди буковых корней. Намного реже ее можно увидеть в лесах из хвойных пород деревьев. Этот гриб предпочитает известковые почвы. Период роста сыроежки приходится на летне-осенний сезон.
В пищу этот гриб можно употреблять без опаски, но особой ценности он не представляет, потому что обладает невысокими вкусовыми качествами.";;https://drive.google.com/open?id=1HlWDdErBCzqjv65CRdVbyvwndAcKzhec
11.9.2025 16:27:09;Белосвинуха трёхцветная;;Рядовковые;Да;Да;30;50;Утолщенная внизу;Белый;Выпуклая;Охристый, желтовато-коричневый;Пластинчатая;"Редкий реликтовый вид с разорванным ареалом. В России есть находки на Алтае, в Пензенской области, в Удмуртии, Башкирии и некоторых других регионах. Также встречается в странах Прибалтики, некоторых западноевропейских странах, в Северной Америке. Везде редок.
В более южных регионах водятся под дубами и буками, также есть упоминание о росте в сосняках.
Условно-съедобный вид, данных не хватает ввиду редкости.";;https://drive.google.com/open?id=16gaTZAISHVU_Ha2MYY9cj_v4CSJce7Jg
11.9.2025 16:30:37;Сухлянка двухлетняя;Сухлянка двулетняя, Сухлянка тёмная;Гименохетовые;Нет;Да;5;10;Утолщенная вверху;Коричневый, буроватый;Вогнутая;Желто-охряный, охряный, желто-коричневый, светло-коричневый, серо-бурый;Трубчатая;"Растет с начала июля до поздней осени в хвойных и смешанных лесах, часто на песчаных почвах, на пожарищах, группами, не редко.
Hесъедобный.";Онния войлочная;https://drive.google.com/open?id=1Q0fWvPf8IZeEGF-QZYtVL-cnC4t9dvla
11.9.2025 16:35:43;Сыроежка Морзе;;Сыроежковые;Нет;Да;15;25;Утолщенная внизу;Белый, буроватый;Выпуклая;Желтый, желто-бурый;Пластинчатая;"Сыроежка Морзе растёт в лиственных, хвойных и смешанных лесах. Гриб встречается как одиночно, так и небольшими группами.
Сезон плодоношения — с середины лета и до первых заморозков.
Относится к категории съедобных грибов. Обычно такие грибы солят, но так как мякоть имеет небольшую горечь, в процессе приготовления требуется удаление кожицы со шляпки, а также обязательное вымачивание.";;https://drive.google.com/open?id=1zRUeIN1IcnCmW0wGE3J9uEDU7LdDFKT6
11.9.2025 16:38:16;Чешуйчатка клейкая;Чешуйчатка глинисто-желтая;Строфариевые;Нет;Да;5;10;Ровная;Рыжевато-коричневый, желтоватый;Выпуклая;Беловатый, глинисто-желтый;Пластинчатая;"Чешуйчатка клейкая считается поздним грибом. Период плодоношения начинается осенью и заканчивается при первых заморозках в ноябре. Встречается в смешанных и хвойных лесах, на останках елей и сосен. Так же встречается на почве около пней. Произрастает небольшими группами.
Чешуйчатка клейкая — гриб съедобный, но из-за слизистого вида не ценится в грибной кулинарии. ";;https://drive.google.com/open?id=1u-W0NX3zyQyyOYx9D9QlwuZsGNZ2huQo
11.9.2025 16:41:27;Катателазма императорская;Шампиньон императорский, Катателазма царская;Катателазмовые;Нет;Да;45;75;С юбкой;Беловатый, коричневатый;Выпуклая;Темно-коричневый, красновато-коричневый, желтовато-коричневоый;Пластинчатая;"Найти этот удивительный гриб можно только лишь в восточной части, в горных местностях, чаще всего в Альпах. Местные встречают его с июля по середину осени. Встречается со второй половины лета и осенью в одиночку или небольшими группами на земле под хвойными деревьями. Предпочитает расти под елью Энгельмана и пихтой шершавоплодной (субальпийской).
Этот гриб легко можно употреблять в пищу в любом виде. Он достаточно вкусный, без ярко выраженных оттенков, идеален как добавка к какому-то блюду."; Катателазма вздутая;https://drive.google.com/open?id=1IKGJdNkGvyZOZCjpNIeKk3K_dahKNrRA
11.9.2025 16:45:36;Чешуйчатка слизистая;;Строфариевые;Нет;Да;5;15;Ровная;Желтоватый, беловатый, буроватый;Выпуклая;Коричневый, желтый, кирпичный, оранжеватый;Пластинчатая;"Слизистая чешуйчатка встречается на сильно перегнившей древесине. Плодоносит с августа и по октябрь. Произрастает на почве близи прогнивших деревьев, вокруг пней и так далее.
О съедобности гриба известно мало, однако гриб используетсы в медицинских исследованиях.";Паутинник пачкающий;https://drive.google.com/open?id=1PtuHi9X5gax7MlukLwvOoOsk4uwf1mO2
11.9.2025 16:49:59;Паутинник ленивый;;Паутинниковые;Нет;Да;10;15;Ровная;Красный, оранжевый, ржаво-бурый;Ровная;Красный, оранжевый, ржаво-бурый;Пластинчатая;"Паутинник ленивый стречается в сентябре-октябре в лесах различного типа, образуя микоризу, видимо, с деревьями разных пород, от березы до сосны. Предпочитает кислые почвы, плодоносит во влажных местах, во мхах, нередко группами разновозрастных грибов.
Гриб несъедобен или слабо ядовит.";Паутинник павлиний;https://drive.google.com/open?id=1f2tmJiOS0KLF-p8I-UWm8ktmtkj1vc4T
11.9.2025 16:54:45;Меланолеука полосатоножковая;;Рядовковые;Нет;Да;5;20;Ровная;Белый, бероватый, сероватый;Ровная;Грязно-белый, охряный, коричневатый, сизый;Пластинчатая;"Меланолеука полосатоножковая (Melanoleuca grammopodia) произрастает в лесах лиственного и смешанного типа, в парковых зонах, садах, борах, полянках, луговых участках местности, опушках, хорошо освещаемых травянистых местах. Иногда растёт и по обочинам дорог, группами или одиночно. 
Гриб съедобен, его можно употреблять в любом виде, даже в свежем, без предварительного отваривания. Меланолеука полосатоножковая хороша в отварном виде.";;https://drive.google.com/open?id=1dvuuy3X5LlcbOR_0158PDbalSegXGtf8
11.9.2025 16:58:24;Лимацелла липкая;;Аманитовые;Нет;Да;25;50;Ровная;Красновато-коричневый, темно-кирпичный;Выпуклая;Бело-желтоватый, бледно-коричневатый, красновато-коричневый;Пластинчатая;"Микоризная или сапробная, растёт в одиночку или небольшими группами в лесах разного типа, под деревьями лиственных или хвойных пород. Встречается очень редко.Сезон плодоношения - лето-осень.
Точных данных о распространении нет. Известно, что подтверждённые находки Лимацеллы липкой были в Северной Америке.
Данных о ядовитости нет.";;https://drive.google.com/open?id=1tDqzLDuvxmNnok5GMno5JN3Eu3cIzYFo
11.9.2025 17:01:58;Мухомор Баттарры;Поплавок Баттарры, Поплавок умброво-желтый;Аманитовые;Нет;Да;8;20;Утолщенная внизу;Беловатый, пыльно-серый;Выпуклая;Серо-коричневый, коричневатый, мучной, грязно-белый;Пластинчатая;"Растет с июня по октябрь, обильно, в хвойных и смешанных лесах. Образует микоризу с елями, пихтами и ​​соснами. Предпочитает кислые почвы.
Считается съедобным грибом с низкими вкусовыми качествами. Рекомендуется предварительное отваривание.";Поплавок серый;https://drive.google.com/open?id=13hnjOOtQG3vD6AcxVKhd3oG_f8oXxkCZ
11.9.2025 17:04:20;Маслёнок примечательный;Болетин примечательный, Болетин нарядный, Фускоболетинус великолепный;Маслёнковые;Нет;Да;10;35;Ровная;Огненно-желтый, красноватый, розовато-оранжевый;Ровная;Огненно-желтый, красноватый, розовато-оранжевый;Трубчатая;"Маслёнок примечательный распространен в Северной Америке и в России, где известен в Восточной Сибири и на Дальнем Востоке.
Сезон: Июль – сентябрь.
Съедобный гриб.";;https://drive.google.com/open?id=1F_If85uLRMynMAwg2OMz2k7VsmZndIEm
11.9.2025 17:06:55;Гебелома недоступная;;Гименогастровые;Нет;Да;15;25;Ровная;Грязно-белый, коричневатый;Выпуклая;Рыжеватый, коричневатый, беловатый;Пластинчатая;"Широко распространен во всех флористических областях России, в Сибири и на Дальнем востоке. Гебелома недоступная растет  на влажных почвах различных лесов (смешанных, лиственных, хвойных), парков, скверов, заброшенных садов. Появляется в августе — сентябре.
Ядовитый гриб.";;https://drive.google.com/open?id=1RQ_9lJOjyq5-UUa3rsmh93R6tmqQsDSE
11.9.2025 17:18:17;Волоконница земляная;Волоконница землисто-пластинковая;Волоконницевые;Нет;Да;5;10;Ровная;Белый, мучноватый;Ровная;Белый, желтоватый, розоватый, фиолетовый;Пластинчатая;"Волоконница земляная растёт в лиственных и хвойных лесах, среди кустарников в июле — августе.
Гриб смертельно ядовит.";;https://drive.google.com/open?id=1uzZCJYjrfdQlVaZ7flZgqme2v00tJuca
11.9.2025 17:22:38;Гигрофор краснеющий;Гигрофор красноватый;Гигрофоровые;Нет;Да;35;55;Утолщенная внизу;Белый, розоватый;Выпуклая;Розовато-беловатый, желтоватый;Пластинчатая;"Найти в обычных хвойных лесах или же в смешанных Гигрофор краснеющий можно достаточно легко в августе или же в сентябре. Чаще всего он располагается под елью или сосной, с которыми соседствует.
Этот гриб многие употребляют в пищу, но без охоты, особого вкуса и запах он не имеет, хорош в качестве дополнения.";Гигрофор сыроежковый;https://drive.google.com/open?id=16ggL_Y_AcimP4-IoRDILEhRTNKVifeq8
11.9.2025 17:25:04;Сыроежка цельная;Сыроежка замечательная, Сыроежка безупречная, Сыроежка буро-красная;Сыроежковые;Нет;Да;30;60;Утолщенная внизу;Белый;Выпуклая;Кровяно-красный, оливково-желтый, буроватый;Пластинчатая;"Гриб растет группами в горных хвойных лесах, на известковых почвах.
Сезон - лето-осень (июль — октябрь).
Гриб съедобен и принадлежит к 3-й категории. Применяют его свежим и соленым.";Сыроежка зелёно-красная;https://drive.google.com/open?id=1twS_sV_-Mk_ui4HSZuQvFItprXH5kv8I
11.25.2025 19:39:40;Рыжик японский;;Сыроежковые;Нет;Да;15;25;Утолщенная вверху;Грязно-белый, красноватый, розоватый;Вогнутая;Розоватый, оранжевый, красный;Пластинчатая;"Гриб встречается в хвойных и смешанных лесах, а также под цельнолистной пихтой. Время его распространения – сентябрь или октябрь. Ареал распространения – Приморский край (южная часть), Япония.
Этот вид полностью съедобен. ";;https://drive.google.com/open?id=1DZdDAPZCaFONUjoFSKp3VYWB36Ry_QBA
11.25.2025 19:42:41;Мицена розовая;;Миценовые;Нет;Да;5;10;Ровная;Белый, розовый, беловатый;Выпуклая;Розовый, красноватый, бледно-розовый;Пластинчатая;"Обильное плодоношение мицены розовой приходится на лето и осень. Начинается оно в июле, а завершается – в ноябре. Грибы мицены розовые поселяются посреди опавшей старой листвы, в лесах смешанного и лиственного типа. Чаще всего гриб этого вида поселяется под дубами или буками. Встречается одиночно или небольшими группами.
Данные о съедобности мицены розовой у разных специалистов-микологов противоречивы. Некоторые учёные говорят, что данный гриб вполне съедобен, другие говорят о его слабой ядовитости. Скорее всего, гриб мицена розовая всё же ядовит, поскольку в его составе содержится элемент мускарин.";Лаковица обыкновенная, Мицена чистая;https://drive.google.com/open?id=1cJtK4_9_Qj0LZyzt1nK3u1sEVTIh9Gzw
11.25.2025 19:45:03;Паутинник бело-фиолетовый;;Паутинниковые;Нет;Да;15;35;Утолщенная внизу;Фиолетовый, беловатый, ржавый;Выпуклая;Лилово-серебристый, беловато-сиреневый, охряный, желто-бурый, грязно-беловатый;Пластинчатая;"Паутинник бело-фиолетовый обитает с конца августа до конца сентября в хвойных, смешанных и лиственных лесах (с березой, дубом), на влажной почве, небольшими группами и одиночно, не часто.
Паутинник бело-фиолетовый — съедобный гриб низкого качества (по некоторым оценкам условно-съедобный), используется свежим (отваривание около 15 минут) во вторых блюдах, соленым, маринованным.";Паутинник козий;https://drive.google.com/open?id=1bRjaapYOhHXpXsBflOcM3L8ElWMe7bE0
11.25.2025 19:48:36;Сыроежка золотистая;Сыроежка золотисто-красная;Сыроежковые;Да;Да;15;25;Утолщенная вверху;Белый, лимонно-жёлтый, светло-охряный;Вогнутая;Кирпично-красный, красно-оранжевый, медно-красный, ярко-жёлтый, оранжево-жёлтый, жёлтый;Пластинчатая;"Растёт в хвойных и лиственных лесах обоих полушарий. Предположительно, образует микоризу с дубом и берёзой, а их хвойных — с елью, сосной и пихтой. Встречается как одиночно, так и небольшими группами. Плодоносит с середины лета (июль) до середины осени, ежегодно, часто.
Сыроежка золотисто-красная относится к съедобным грибам с отличным вкусом, но в старых справочниках отнесена к грибам III категории. ";Сыроежка кроваво-красная, Сыроежка жгучеедкая;https://drive.google.com/open?id=1kx2gjOZBpZxQiMD4rU9vx-9FRoJI-PDC
11.25.2025 19:50:48; Сыроежка берёзовая;;Сыроежковые;Нет;Да;10;20;Ровная;Белый, желтоватый;Ровная;Сиренево-розовый, желтоватый, кремовый;Пластинчатая;"Описываемый вид широко распространён на территории Северной Европы. Берёзовые сыроежки получили своё название за произрастание в берёзовых лесах. Кроме того, грибы этого вида можно встретить также в смешанных хвойно-лиственных лесах, где растёт много берёз. Сыроежки берёзовые любят расти во влажных местах, иногда встречаются в болотистых местностях, на сфагнуме.
Сыроежка берёзовая принадлежит к числу условно-съедобных грибов, но некоторые микологи относят её к категории несъедобных. Употребление грибов этого вида в свежем виде может приводить к лёгким желудочно-кишечным отравлениям. ";;https://drive.google.com/open?id=1aPbQYLw3OJZ_hOrvQPVklopXRfOfKbTc
11.25.2025 19:52:50;Груздь сосочковый;Млечник сосочковый, Груздь крупный;Сыроежковые;Нет;Да;8;20;Ровная;Сероватый, мучной, грязно-белый;Ровная;Голубовато-серый, коричнево-серый, тёмно-серо-бурый, фиолетово-розоватый;Пластинчатая;"Наиболее активное плодоношение млечника сосочкового приходится на период с августа по сентябрь. Гриб этого вида предпочитает расти в лесах хвойного и смешанного типов, а также в лиственных лесах. Любит песчаные грунты, произрастает только в группах и поодиночке не встречается. Его можно встретить в северных умеренных областях страны.
Груздь сосочковый принадлежит к категории условно-съедобных грибов, употребляется преимущественно в солёном виде. Однако во многих зарубежных источниках указывается, что сосочковый млечник является несъедобным грибом";Млечник ароматный;https://drive.google.com/open?id=1_SPJZJ-FCShcjy-j9c5dIbkFji2sfX2R
11.25.2025 19:57:08;Волоконница разорванная;;Волоконницевые;Нет;Да;5;10;Ровная;Бурый, рыжеватый, красновато-бурый;Выпуклая;Желто-бурый, светло-коричневый;Пластинчатая;"Растёт в сыроватых лесах по краям дорог и канав в июле — сентябре.
Гриб смертельно ядовит. Симптомы отравления, как при употреблении волоконницы Патуйяра.";;https://drive.google.com/open?id=1PwgOgF9vgg4Bjrhjj0_W2SR7ccWlXm71
11.25.2025 19:58:49; Порфировик порфировоспоровый;Порфирелл, Боровик пурпуровоспоровый, Порфировик ложноберезовиковый;Болетовые;Нет;Да;25;55;Утолщенная внизу;Серо-коричневый, грязно-оранжевый;Выпуклая;Серо-коричневый, грязно-оранжевый;Трубчатая;"Произрастает в широколиственных, реже хвойных лесах в Европе, Азии и Северной Америке. В бывшем СССР отмечен там же, где шишкогриб хлопьеножковый (в горных районах, в хвойных лесах, летом и осенью), а также на юго-западе Украины и в горном лесу южной Киргизии. На юге Дальнего Востока встречается еще несколько видов этого рода.
Съедобен, но неценный. Гриб низкого качества, в пищу употребляется редко.";;https://drive.google.com/open?id=1MbnoR3n8YcF4hzUA6NHZ_uh6GZA8O1M1
11.25.2025 20:01:22;Паутинник чешуйчатый;;Паутинниковые;Нет;Да;5;15;Утолщенная внизу;Серо-коричневатый, бледно-фиолетовый, бледно-бурый;Выпуклая;Бледно-бурый, коричнево-бурый,, буроватый, лиловый;Пластинчатая;"Паутинник чешуйчатый обитает с конца августа до конца сентября в хвойных, лиственных и смешанных (с березой) лесах, во влажных местах, во мху, около болот, группами и одиночно, не редко.
Паутинник чешуйчатый — Съедобный гриб среднего качества, используется свежим (отваривание около 15 минут, запах вываривается) во вторых блюдах, соленым, маринованным (лучше одни шляпки).";;https://drive.google.com/open?id=1nxcy7x20YCgFJL8-DHPa4FlcMcSnP2F9
11.25.2025 20:03:14;Гигрофор ранний;Гигрофор мартовский, Снежный гриб;Гигрофоровые;Нет;Да;15;25;Ровная;Серебряный, белый, пыльно-серый;Выпуклая;Светло-серый, свинцово-серый, черноватый;Пластинчатая;"Редкий вид, встречается местами обильно. Растет в лиственных и хвойных лесах, в основном в горах, под буками. Ранний вид, иногда встречается под снегом во время весенней оттепели.
Хороший съедобный гриб, который появляется один из первых.";Рядовка серая;https://drive.google.com/open?id=10U1rx-u5jmTvxIxKnIi6p7j8E70Bsf0z
11.27.2025 21:10:27;Галерина моховая;;Гименогастровые;Нет;Да;1;2;Ровная;светло-желтый;Выпуклая;медово-желтый, светло-бурый;Пластинчатая;Растет небольшими группами во мху и на полусгнивших бревнах, остатках мертвой древесины. Встречается в хвойных и смешанных лесах в Европе и Северной Америке.;Опёнок летний, Опёнок зимний;https://drive.google.com/open?id=1Lt9v_RqIzw7_gBW7r7mMfua69b23NHML, https://drive.google.com/open?id=1vnxJq9MBCpMcir9rnAiEI4ifqwEC51K-
11.27.2025 21:15:33;Шампиньон изящный;Шампиньон розовопластинковый;Шампиньоновые;Нет;Да;4;5;Утолщенная внизу;желтовато-белый;Выпуклая;серо-желтый, розоватый;Пластинчатая;Растет поодиночке и группами с середины июля до конца сентября в лиственных и смешанных лесах, а также на плодородных почвах в садах и огородах. Растет всегда среди травы. Иногда его находят на газонах, лужайках больших парков.;;https://drive.google.com/open?id=1gFXfoRgFYY_-bT4BAWO_SZXSdxcgS5b2, https://drive.google.com/open?id=16fqB9yKGUu4oNFXKkKIIQhlL1zzWHxRA
11.27.2025 21:24:52;Мицена колпаковидная;Мицена серо-розовая, Мицена колпачковидная;Миценовые;Нет;Да;1;6;Утолщенная внизу;беловатый, бледно-серый, кремоватый, кремово-желтоватый;Выпуклая;буро-серый, серо-коричневый, рыжевато-коричневый, бледно-коричневый;Пластинчатая;Растет на хорошо разложившихся бревнах и пнях, но нередко вырастает из «подземной», закопанной древесины и выглядит наземной. Может расти на стволах и корнях живых, ослабленных деревьев. ;Мицена Наклонённая;https://drive.google.com/open?id=1o4Itjs6n-v64LNTlb30y3v0DAuTbuWFs, https://drive.google.com/open?id=1IETt10HqVCo66Pi_UUwCshM5wxuWANmY
11.27.2025 21:28:07;Масленок рыже-красный;Масленок тридентский;Маслёнковые;Нет;Да;10;25;Утолщенная внизу;желтовато-оранжевый;Выпуклая;желтовато-оранжевый, оранжево-красноватый;Трубчатая;Известен в Европе, особенно в Альпах. В России — в Западной Сибири, в хвойных лесах Алтая. Любит богатую известью почву. Встречается очень редко.;;https://drive.google.com/open?id=1Za8ErIEV9KSBgN5uqBa-Cb27k7O3wZK5, https://drive.google.com/open?id=13IgsvHLstDNZ6gbQSuESFoZfEeOFejMH
11.27.2025 21:33:29;Рыжик полукрасный;Рыжик красный сосновый;Сыроежковые;Нет;Да;15;25;Утолщенная вверху;оранжевый, оранжево-розовый, зеленоватый, оранжево-красный, охряный;Выпуклая;оранжевый, оранжево-красный, охряный;Пластинчатая;Встретить можно в сосновых и смешанных (с сосной) лесах и парковых зонах. Предпочитает известковые почвы. Растёт одиночно или небольшими группами, с июля по октябрь, не обильно.;Рыжик еловый, Рыжик красный;https://drive.google.com/open?id=17UAXqbgOPCrG2fMTSEGUKJIlZrw68CNb, https://drive.google.com/open?id=1uA8R3fbnL1RmJvCQZdqJIRrA0Q-qp1I9
11.27.2025 21:39:55;Сморчок съедобный;Сморчок настоящий, Сморчок съедобный;Сморчковые;Нет;Да;15;30;Утолщенная внизу;беловатый,  желтоватый, кремовый, буроватый;Выпуклая;желто-бурый, бурый;Лабиринтовидная;Сморчок съедобный распространён по всей умеренной зоне Северного полушария — в Евразии вплоть до Японии и в Северной Америке, а также в Австралии и на Тасмании. Произрастает в хорошо освещенных местах на плодородной, богатой известью почве — от низменностей и пойм рек до склонов гор. Обычно встречается в лесах на более или менее плодородной почве под лиственными деревьями, чаще в травянистых, хорошо защищенных местах. ;Сморчок круглый;https://drive.google.com/open?id=1PsOf5fKG57SgK93Itbhb0qu2Eh1gZ3E6
11.27.2025 21:46:11;Лепиота Бребиссона;;Шампиньоновые;Нет;Да;3;5;Ровная;палевый, пурпурно-фиолетовый;Выпуклая;беловатый, беловато-коричневый;Пластинчатая;Можно встретить не только в лесистой местности, но и в степях, на полянках, в парковых и лесопосадочных полосах, и даже – пустынных местностях. Чаще всего плодовые тела вырастают посреди старой опавшей листвы, на отмершей древесине или перегное. ;Лепиота гребенчатая;https://drive.google.com/open?id=18pcRvzi9J8cxG-Usge-EIK5dC3ApjRs9, https://drive.google.com/open?id=1zvwgzwoVk0VAK73nLW3tGr80fZLV9HUK
11.27.2025 21:49:12;Млечник шиповатый;;Сыроежковые;Нет;Да;4;8;Ровная;розовато-бежевый;Вогнутая;розово-красный;Пластинчатая;Млечник шиповатый встречается в августе-сентябре в лиственных и смешанных лесах, микоризуясь с березой.;Волнушка розовая;https://drive.google.com/open?id=1S4gW2_VYEYzWjZ90YgZObKkQq3dldj1C
11.27.2025 21:52:01;Паутинник изменчивый;Паутинник разноцветный, Паутинник кирпично-коричневый клейкий;Паутинниковые;Нет;Да;10;30;Утолщенная внизу;беловатый;Выпуклая;рыжий, оранжево-коричневатый, красно-коричневый;Пластинчатая;Растет с июля до конца сентября в хвойных и широколиственных лесах, встречается в более южных и восточных регионах.;;https://drive.google.com/open?id=1JwTMELsTxaV1bG9cutDBl47bNjlAmxu6
11.27.2025 21:55:19;Говорушка желобчатая;Говорушка сероватая, Говорушка Ланге;Трихоломовые ;Нет;Да;2;5;Ровная;сероватый, беловатый;Вогнутая;серовато-коричневый, серовато-белый;Пластинчатая;Обычно произрастает группами в сосновых лесах. Время произрастания ноябрь- январь. Предпочитает сухие хвойные разреженные леса вплоть до пустошей вереска.;Говорушка слабопахучая, Говорушка бледноокрашенная;https://drive.google.com/open?id=1Bpi0O9_KPCS2Q-r_Hh-AXsNg_jM_Q8pB, https://drive.google.com/open?id=1Lb64LmM0IqqKnIlsBsLXGJTetzmE2hA6
11.27.2025 22:04:43;Лисичка горбатая;Кантареллюля бугорковая;Гигрофоровые;Нет;Да;2;7;Ровная;беловатый, сероватый, серовато-желтоватый, желтовато-коричневый;Вогнутая;бледно-серый, желтовато-коричневый, дымчато-серый, зеленовато-сизый;Пластинчатая;Обитает в хвойных, преимущественно сосновых и смешанных с сосной лесах. Часто растет на торфяных или песчаных почвах, обочинах лесных дорог.;;https://drive.google.com/open?id=18GHfsp9FkO_Pp9SIuTCHOD8OmXl4YLuS
11.27.2025 22:10:06;Гигроцибе коническая;;Гигрофоровые;Нет;Да;10;20;Ровная;желтый, оранжевый;Выпуклая;оранжевый, желтоватый, красноватый ;Пластинчатая;Встречается преимущественно в редких молодых посадках, вдоль дорог и на вересковых пустошах. Произрастает среди травянистых ландшафтов: на лугах, пастбищах, полянах и так далее. В лесах встречается реже.;Гигроцибе ложноконическая, Гигроцибе коническоподобная, Гигроцибе хлороподобная ;https://drive.google.com/open?id=1uqZIXP0CtjZA5qQ8agp3VZvjyi7Zhh-R, https://drive.google.com/open?id=1v3_dMH8jRUqF3JEqjk1K9681CBSpgg_S
11.27.2025 22:14:29;Стробилюрус съедобный;Стробилурус сочный;Физалакриевые;Нет;Да;1;3;Ровная;желто-коричневый, охряный;Выпуклая;светло-коричневый, темно-коричневый;Пластинчатая;Стробилюрус съедобный встречается исключительно в еловых, или смешанных с елью лесах. Произрастает на еловых шишках, проросших в почву и шишках, лежащих на земле в местах повышенной влажности.;Корневая псевдогиатулу съедобная;https://drive.google.com/open?id=1A614ycApN5WkwEPA6kd1-3HHPN7ex2ud, https://drive.google.com/open?id=15QZXrn_HsctourVFtt4LbApkruyqyZOy
11.27.2025 22:22:22;Лопастник ямчатый;Лопастник ямчатый, Лопастник ямчатый;Гельвелловые;Нет;Да;10;15;Утолщенная внизу;серый, темно-серый;Выпуклая;темно-серый;Гладкая;Произрастает на почвах в лесу хвойного и лиственного типа, преимущественно группами.;Курчавый лопастник;https://drive.google.com/open?id=1PLo8LHAHprxSFtyV3OdCfvr7bYWB2Dsl
11.27.2025 22:24:49;Псевдоговорушка бокаловидная;Говорушка бокаловидная;Трихоломовые ;Нет;Да;3;6;Ровная;темно-серый, серо-коричневый;Вогнутая;серовато-коричневатый;Пластинчатая;Распространен с начала августа до конца сентября в хвойных и смешанных лесах, на подстилке и гниющей древесине, одиночно и группами, не часто.;Говорушка ворончатая;https://drive.google.com/open?id=1O7PrOBefcpjP8sOIs3lbphVV9j5QERzf
11.27.2025 22:27:44;Маслёнок сибирский;;Маслёнковые;Нет;Да;10;15;Утолщенная внизу;серно-желтый, рыже-бурый;Выпуклая;оливково-желтый, грязно-серножелтый, желто-оливковый;Трубчатая;Растет в хвойно-широколиственных и хвойных лесах под кедром, встречается часто, в больших количествах, в августе-сентябре.;;https://drive.google.com/open?id=1FC25oJA3L71loQ2YAFUWngICdL38Dxfs, https://drive.google.com/open?id=1gc1PjdEcA0NaBkef6PBYcOBXTaNzNZLs
11.27.2025 22:33:24;Псатирелла бархатистая;Лакримария бархатистая, Лакримария войлочная;Псатирелловые;Нет;Да;5;10;Ровная;грязно-белый, бело-желтый;Выпуклая;коричневато-рыжий, жёлто-бурый, охряно-коричневый;Пластинчатая;Можно встретить в смешанных, лиственных и открытых местах, на почвах (чаще – песчаных), в траве, около обочин, на сгнившей древесине, возле лесных тропинок и дорог, в парках и скверах. Встретить грибы такого вида в России можно не часто. Бархатистые псатиреллы произрастают группами или одиночно.;Ватная псатирелла;https://drive.google.com/open?id=1AojpLeBYsbTE5zkrrHiFVHz2VsJBDAf8, https://drive.google.com/open?id=1y47tdLyKwxTqL3Z55Br_vOr7-oHhCEHJ
11.27.2025 22:37:30;Мицена нитконогая;Мицена нитевидноножковая;Миценовые;Нет;Да;1;2;Ровная;коричневатый, серый, светло-серый;Выпуклая;сероватый, тёмно-коричневый, серо-коричневый;Пластинчатая;Предпочитает произрастать в лесах смешанного, хвойного и лиственного типа, на плодородных почвах, опавших листьях и хвое. Иногда этот вид грибов можно встретить на стволах деревьев, укрытых мхом, а также – на подгнивающей древесине.;Мицена Конусовидная;https://drive.google.com/open?id=17ASzWqwCf5cNXb5H37r5E82nvoNcKqRI
11.27.2025 22:40:48;Сыроежка синяя;Сыроежка лазуревая;Сыроежковые;Нет;Да;10;20;Утолщенная внизу;белый, грязно-белый, синевато-белый, серо-синеватый;Вогнутая;сине-фиолетовый;Пластинчатая;Растет в лесах хвойных пород, главным образом в ельниках, целыми гнездами. Встречается в средней полосе европейской части России, Прибалтике.;;https://drive.google.com/open?id=1ubRRNmK0R0VJuW5DYU8OiKzr_4NCZsIA, https://drive.google.com/open?id=1A90m_QQHbXfVLuvaum8Iu7bhi3P0x3mz
11.27.2025 22:43:47;Строфария горнеманна;Строфария Хорнеманна;Строфариевые;Нет;Да;10;30;Утолщенная вверху;белый, желтоватый ;Выпуклая;красно-коричневый, желто-серый, ;Пластинчатая;Встречается в смешанных и хвойных лесах на мертвой гниющей древесине. Иногда у основания пней лиственных пород деревьев. Произрастает не часто, небольшими группами.;;https://drive.google.com/open?id=1w6BoNDb-H1yOHfB4WXJOYeAnRzXtiMZf
11.27.2025 22:48:47;Сыроежка турецкая;;Сыроежковые;Нет;Да;10;25;Ровная;белый, розоватый;Вогнутая;лиловый, фиолетовый, фиолетово-бурый;Пластинчатая;Распространена на хвойных лесах Европы. Способна образовывать микоризу с пихтой и елью. Встречается небольшими группами или одиночно, преимущественно в сосновых и еловых лесах.;Сыроежка аметистовая;https://drive.google.com/open?id=1VdBxrg-MQE0kVdpIszTBJH8OJseDKXOl
11.27.2025 22:52:21;Мухомор ярко-жёлтый;Мухомор соломенно-жёлтый;Аманитовые;Нет;Да;5;15;Утолщенная внизу;беловатый, желтоватый;Выпуклая;охристо-жёлтый;Пластинчатая;"Сезон конец весны — осень.
";;https://drive.google.com/open?id=1mrPE9YaMoS-GFY6axM5OFdjWfoZElXHg
11.27.2025 22:54:13;Агроцибе эребия;Полёвка тёмная;Строфариевые;Нет;Да;5;10;С юбкой;серо-коричневатый;Выпуклая;темно-коричневый, буро-каштановый;Пластинчатая;Распространен со второй половины июня до осени, в смешанных и лиственных лесах (с березой), на краю леса, вне леса, у дорог, в парках, в траве и на голой почве, группой, редко.;;https://drive.google.com/open?id=103y0UZ_q4Y_dAdUhchf1gzfIsRCOaoDh
11.27.2025 22:56:35;Чешуйчатка гаревая;Чешуйчатка углелюбивая, Фолиота гаревая;Строфариевые;Нет;Да;5;10;Ровная;грязно-желтый;Выпуклая;оранжево-коричневый;Пластинчатая;Произрастает на старых кострищах и гарях, на обгоревшей древесине.;;https://drive.google.com/open?id=1CYe6GC-q8eCYFE3QJCGX848qTQzkp1mC
11.27.2025 22:58:52;Сморчок полусвободный;;Сморчковые;Нет;Да;15;20;Утолщенная внизу;желтоватый;Выпуклая;коричневый;Лабиринтовидная;Произрастает в лесистых местностях, садах, рощах, парках, на опавших листьях и прошлогодней растительности, или прямо на поверхности грунта. Встретить этот вид можно не часто.;Сморчковая шапочка;https://drive.google.com/open?id=1Dvcf5npVHDjwVQmUwoTT1ETeL3HtWbzU
12.2.2025 4:05:43; Млечник шиповатый;;Сыроежковые;Нет;Да;5;10;Ровная;Розово-красный, беловатый, кремоватый;Вогнутая;Розово-красный, беловатый, кремоватый;Пластинчатая;"Млечник шиповатый встречается в августе-сентябре в лиственных и смешанных лесах, микоризуясь с березой.
Считается несъедобным грибом. Однако, по мнению некоторых авторов, вполне съедобен, годится для солений.";Розовая волнушка;https://drive.google.com/open?id=1TJ17aO0vkwEASdctSxazODRlzmqN7Q26
12.2.2025 4:08:27;Мицена молочная;;Миценовые;Нет;Да;3;5;Ровная;Серый, серо-коричневатый, голубоватый;Выпуклая;Серый, серо-коричневатый, голубоватый;Пластинчатая;"Обитает с начала лета и до конца грибного сезона в лесах всех видов, растет в присутствии листового или хвойного опада.
Эта мицена относится к съедобным грибам. Но гастрономического интереса не представляет никакого, так как мелкая, тонкая и малообильная. Более того, имеется много шансов ее попутать с другими миценами, часть из которых не только несъедобна, а и ядовита."; Мицена синеногая, Мицена колпаковидная;https://drive.google.com/open?id=139EWfkc-WMeaq-13-ic7XLPagc1Mhg9I
12.2.2025 4:10:58; Агроцибе стоповидный;Полёвка стоповидная, Полевик стоповидный;Строфариевые;Нет;Да;5;15;Ровная;Светло-коричневый, светло-желтый;Выпуклая;Охристый, светло-коричневый, светло-желтый, буро-коричневый;Пластинчатая;"В основном встречается на пастбищах, лугах и вырубках, заросших травой, — в гористых и холмистых местностях.
Сезон - лето-осень.
Несъедобный.";Опенок луговой;https://drive.google.com/open?id=1pCkONj9tmaq4toDAiT3DBYsAdj-ACSm1
12.2.2025 4:13:17;Млечник чахлый;Груздь чахлый, Груздь нежный;Сыроежковые;Нет;Да;5;15;Ровная;Охристо-кирпичный, рыжий, светло-рыжий;Вогнутая;Охристо-кирпичный, рыжий, светло-рыжий;Пластинчатая;"Млечник чахлый произрастает на мшистых поверхностях, во влажных и сырых местах. Эту разновидность гриба из семейства Сыроежковых можно встретить в лиственных и смешанных лесах. Период плодоношения вида начинается в июле, и продолжается до сентября.
Является условно-съедобным грибом, его чаще употребляют в пищу в солёном виде.";Краснушка;https://drive.google.com/open?id=1D561w-vUx3FlJ7WhORXDLuXIgmB5c3SM
12.2.2025 4:15:50;Млечник голубой;Синий рыжик, Синий груздь, Синий молочный гриб;Сыроежковые;Нет;Да;10;25;Ровная;Джинсово-синий, серебристо-белый;Вогнутая;Серебристо-голубой, бледно-серый;Пластинчатая;"Растёт группами, иногда одиночно, как в лиственных, так и в хвойных лесах, поскольку может образовывать микоризу и с теми, и с другими. Чаще встречается с дубами и соснами.
Любит влажные места, например: поймы, которые недавно были затоплены.
Хороший съедобный гриб.
Можно есть сырым, например, нарезав в салат для улучшения цвета и придания особого пикантного островатого вкуса. Однако, в большинстве случаев, его готовят различными способами.";Млечник парадоксальный;https://drive.google.com/open?id=1-fKjWSephFwP495rkrx3p8YTHULuXo1l
12.2.2025 4:18:07;Лиофиллум симедзи;Хон-симедзи, Лиофиллюм симедзи;Лиофилловые;Нет;Да;10;20;Ровная;Белый, сероватый;Выпуклая;Серый, коричневатый, серовато-коричневый, грязновато-серый, желтовато-серый;Пластинчатая;"Растёт на почве, подстилке, предпочитает сухие сосновые леса.
Активное плодоношение приходится на август — сентябрь.
Лиофиллум симедзи растёт небольшими сростками и группами, реже одиночно.
Распространён по всей Евразии от Японского архипелага до Скандинавии.
Гриб съедобен. В Японии Лиофиллум симедзи, называемый там Хон-симедзи, считается деликатесным грибом";Рядовка скученная;https://drive.google.com/open?id=1XbHwaXQAJFwOujyVvNW_8I-DSi5iGWBY
12.2.2025 4:20:28;Млечник липкий;Млечник слизистый, Млечник серо-зелёный, Груздь серо-зелёный;Сыроежковые;Нет;Да;15;25;Ровная;Сероватый, грязно-беловатый;Вогнутая;Светло-коричневатый, грязно-белый, сероватый, грязно-зеленоватый;Пластинчатая;"Образует микоризу с лиственными деревьями, особенно с буком и берёзой. Гриб встречается обычно небольшими группами в лиственных лесах, часто в гористой местности. Распространён в Европе и Азии.
Иногда считается условно-съедобным и пригодным для соления, но возможные его токсические свойства не изучены, поэтому собирать не рекомендуется.";;https://drive.google.com/open?id=1dZ3FR3EkTmwjrynBfuAgOp3YZu5Swyok
12.2.2025 4:22:39;Млечник беззоновый;Млечник безонный;Сыроежковые;Нет;Да;10;20;Ровная;Песочный, бледно-коричневый;Ровная;Песочный, бледно-коричневый, бурый, коричневатый;Пластинчатая;"В России растет в европейской части, а также в южных районах и областях (Краснодарский край). Обитает обычно в лесах, где растут дубы, так как образует микоризу именно с этим деревом.
Сезон: июль – сентябрь. В неурожайные годы грибов не бывает.
Млечник беззоновый относится к съедобным грибам. В пищу употребляют в соленом и маринованном виде. Специалисты рекомендуют употреблять в пищу только молодые грибы.";;https://drive.google.com/open?id=17lT3V6zRekfpE3tgeyNWk_PMIMzSoddU
12.2.2025 4:24:56;Гебелома корневая;Гебелома корневидная, Гифолома укорененная, Гифолома укореняющаяся;Гименогастровые;Нет;Да;10;20;Утолщенная внизу;Светло серый, коричневатый;Выпуклая;Серо-коричневый, буроватый;Пластинчатая;"Встречается с середины августа до начала октября в лесах различного типа, образуя микоризу с лиственными деревьями; нередко гебелому корневую можно найти в местах с поврежденным верхним слоем почвы — в канавках и ямах, около нор грызунов. В удачные для себя годы может попадаться очень большими группами, в неудачные — вовсе отсутствовать.
Несъедобен, хотя и не ядовит.";;https://drive.google.com/open?id=1bTiMc46VYKab3cwyB1NxFeHvgVPH8eIj
12.2.2025 4:26:46;Паутинник болотный;Паутинник прибрежный, Паутинник ивовый, Паутинник топяной;Паутинниковые;Нет;Да;5;10;Ровная;Желтовато-оранжевый, светло-красный;Выпуклая;Медно-оранжевый, кирпично-красный;Пластинчатая;"Растет на влажной почве рядом с ивами или (гораздо реже) с ольхой, чаще всего по краям озёр или вдоль рек, а также на болотах. Предпочитает низменности, но встречается и в альпийских регионах в густых ивовых зарослях.
Прямые данные о съедобности отсутствуют, однако, учитывая, что гриб близок к ядовитым родственникам подрода Dermocybe, скорее всего он также ядовит.";;https://drive.google.com/open?id=1aR95CeBhcu38p1vuDVfr1CjBLNzrXvf0
12.2.2025 4:28:52;Гигрофор луговой;Куфофилл луговой, Гигроцибе луговое;Гигрофоровые;Нет;Да;15;30;Утолщенная вверху;Бледно-белый, желтоватый;Выпуклая;Бледно-оранжевый, ржавый;Пластинчатая;"Зачастую встречается в травах на умеренно влажных или сухих лугах, пастбищах, редко в травянистых светлых лесах.
Сезон - конец лета – осень.
Съедобен.";Гигрофор Колеманна;https://drive.google.com/open?id=1T5wiBU9gDk4rmPdMT54th24Tiod1iagO
12.2.2025 4:31:10;Лепиота вздутоспоровая;Лепиота чешуйчатая желтоватая, Зонтик вздутоспоровый, Чешуйница вздутоспоровая;Шампиньоновые;Нет;Да;3;8;С юбкой;Грязно-белый, рыже-коричневатый;Ровная;Бело-желтоватый, бежевый, рыжеватый;Пластинчатая;"Лепиота вздутоспоровая встречается редко в августе-сентябре в лесах различного типа, появляясь обычно маленькими группами.
По одним данным, гриб съедобен. По другим — несъедобен или даже смертельно ядовит. Во всех источниках сообщается, что пищевые качества представителей рода Lepiota изучены слабо.";Зонтик чешуйчатый, Лепиота острочешуйчатая;https://drive.google.com/open?id=1x64TIGyXls1eCA8DbvTMeOodq75rmucF
12.2.2025 4:33:32;Сыроежка Келе;;Сыроежковые;Нет;Да;1-;20;Утолщенная в центре;Желтоватый, бледно-фиолетовый, темно-фиолетовый, розовато-фиолетовый;Вогнутая;Темно-черновато-фиолетовый, темно-фиолетовый, буровато-фиолетовый, вишнёво-фиолетовый, пурпурный, пурпурно-коричневатый;Пластинчатая;"Растёт одиночно или небольшими группами в хвойных и смешанных лесах (с елью).
Встречается с середины лета и до глубокой осени. Разные источники указывают разные диапазоны: июль — сентябрь, август — сентябрь, сентябрь — октябрь.
Широко распространена в Северном полушарии (возможно, и в Южном).
Большинство источников относят гриб в категорию несъедобных из-за неприятного, жгуче-едкого вкуса.";;https://drive.google.com/open?id=1lrNHGJLWh337relg-ZXoOHyHXYo4oH6Q
12.2.2025 4:35:52; Цезарский гриб дальневосточный;Мухомор цезаревидный, Кесарев дальневосточный;Аманитовые;Нет;Да;15;35;С юбкой;Желтый, желтовато-оранжевый, охристо-желтый;Выпуклая;Красно-оранжевый, огненно-красный, оранжево-киноварный;Пластинчатая;"Растёт одиночно и большими группами, в летне-осенний период.
Образует микоризу с лиственными деревьями, предпочитает дуб, растёт под лещиной и берёзой сахалинской. Встречается в дубовых лесах Камчатки, характерен для всего Приморского края. Замечен в Амурской области, Хабаровском крае и на Сахалине, в Японии, Корее, Китае.
Гриб съедобен и очень вкусен.";Цезарский гриб, Мухомор красный;https://drive.google.com/open?id=1qsZMq9FJ1A1yqpR7c_HLxlbNqKnBxhNR
12.2.2025 4:37:53;Шампиньон паровой;Шампиньнон тепличный;Шампиньоновые;Нет;Да;20;35;С юбкой;Розоватый, грязно-белый;Выпуклая;Коричневый, розоватый;Пластинчатая;"Паровой шампиньон плодоносит преимущественно в первой половине осени, встречается в смешанных лесах, а также – в садах, где почва насыщена органическими питательными компонентами.
Шампиньон паровой съедобен, принадлежит к третьей категории. Можно употреблять в пищу в любом виде.";;https://drive.google.com/open?id=11f4JUBjzEI0U07z1ytmZ7YxL_iqoIBPu